公司,关系大类,命中关键词,来源平台,新闻标题,媒体,发布日期,链接,摘要,正文
中信证券,研报观点,,cnstock,中信证券：预计AI相关商品将成为我国外贸增长的新引擎,中证金牛座,2026-06-05,https://jnzstatic.cs.com.cn/zzb/htmlInfo/124412.html,,中信证券研报认为，展望2026年全年，根据WTO最新发布的《全球贸易展望（3月版）》，受益于AI相关的资本开支快速增长，相关商品出口需求也实现高速增长，其上修了2026年全球贸易量同比增速预测，读数从0.5%上调至1.9%。基于此，预计AI相关商品将成为我国外贸增长的新引擎，叠加传统能源价格中枢抬升及其驱动的绿色产品增量需求，我国2026年的进出口均有望维持高景气，预计全年出口和进口同比增速或达13.2%和15.5%左右，对应的贸易顺差规模仍有望保持较高规模。
中信证券,研报观点,,cnstock,中信证券160亿元定增落地 券业资本补充提速,经济参考报,2026-06-01,https://www.cs.com.cn/qs/2026/06/01/detail_2026060110015224.html,5月28日晚，中信证券发布公告，拟向大股东中国中信金融控股有限公司（以下简称“中信金控”）定向发行7.94亿股H股，发行价格为每股23.13港元，募集资金总额为人民币160亿元。本次募集资金将全部用于发展国际化业务，具体投向包括增资中信证券国际有限公司、拓展资本中介类业务、补充境外运营流动性等。 上市券商资本补充正在稳步推进,"5月28日晚，中信证券发布公告，拟向大股东中国中信金融控股有限公司（以下简称“中信金控”）定向发行7.94亿股H股，发行价格为每股23.13港元，募集资金总额为人民币160亿元。本次募集资金将全部用于发展国际化业务，具体投向包括增资中信证券国际有限公司、拓展资本中介类业务、补充境外运营流动性等。
上市券商资本补充正在稳步推进。除中信证券外，今年以来还有3家A股上市券商披露定增计划，其中2家与并购重组密切相关。这也意味着，在“扶优限劣”的监管导向下，证券行业正加速通过“资本补充+兼并重组”双重路径实现做优做强。
从发行方案来看，中信证券本次H股的发行对象为其第一大股东中信金控。中信金控作为中信集团综合金融服务板块发展的平台和主体，将以现金认购本次发行的全部股份，并承诺48个月内不转让认购股份。在资本市场定增案例中，这样长达四年的锁定期属于高标准配置。发行完成后，中信金控持股比例将提升至23.91%。
业内人士表示，此次定向发行充分展示了中信集团、中信金控对中信证券发展前景的长期看好，将进一步强化中信集团、中信金控与中信证券的战略协同，深化资源整合与业务联动，以实际行动坚定支持中信证券的国际化发展。
本次160亿元募集资金的投向极其明确，并不用于境内常规业务周转，而是全部用于发展公司国际化业务，其中对境外全资子公司中信证券国际的增资不超过人民币160亿元。
具体来看，募集资金主要用于开展三方面业务：一是开展跨境以及境外股权衍生品、大宗商品、固定收益类的资本中介业务，增强公司为客户提供全球风险管理和资产配置的综合服务能力；二是为境外持牌子公司提供资本金，进一步完善覆盖全球的金融服务网络；三是补充境外流动性，保障流动性安全及降低融资成本。
值得注意的是，在定增预案披露的同日，中信证券推出了未来三年股东回报规划。此前，在重资本券商融资案例中，市场往往担忧资本扩张会对当期ROE（净资产收益率）和每股收益造成摊薄。
中信证券方面强调，将按照监管政策和公司治理机制要求，保持分红政策的稳定性与透明度，推行常态化、规范化的分红，以求股东回报与公司经营发展相契合。
2026年至今，上市券商资本补充稳步推进。目前，已有4家券商年内推出定增计划，其中2家与并购重组密切相关。在业内人士看来，这标志着证券行业在“扶优限劣”监管导向下，正加速通过“资本补充+兼并重组”双重路径实现做优做强。
Wind数据显示，以最新预案公告日作为统计标准，截至5月29日记者发稿，除中信证券外，年内还有西南证券、东吴证券、东方证券三家上市券商披露了定增预案。进度方面，目前西南证券定增预案已获股东大会通过，东吴证券、东方证券则处于董事会预案阶段。
今年2月，西南证券发布2026年度向特定对象发行A股股票预案。公司拟向不超过35名特定对象发行不超过19.94亿股，募集资金总额不超过60亿元。这一定增预案的发布，恰逢2026年2月A股再融资新政落地，也是再融资新政后证券行业首单大额定增预案。
谈及募资用途，西南证券表示，本次发行所募资金在扣除发行费用后将全部用于补充公司资本金，进一步优化公司的资本结构。具体投向包括：财富管理业务、投资银行业务、资产管理业务、证券投资业务、增加子公司投入、信息技术与合规风控建设、偿还债务及补充其他营运资金。
另外两起券商定增则均与行业并购整合有关。今年3月，东吴证券公告拟以发行股份及支付现金的方式，合计购买常州投资集团有限公司等交易对方持有的东海证券83.77%的股份。随后的5月初，东方证券公告，公司拟通过发行A股股份及支付现金方式购买上海证券100%股权。
自2025年券商再融资“破冰”以来，上市券商的资本补充节奏明显加快。去年至今，中泰证券、南京证券等多家券商已完成定增发行，行业资本实力稳步提升。
东吴证券非银金融首席分析师孙婷表示：“2025年以来，券商再融资持续活跃，从认购结构看，大股东认购比例普遍较高，体现了大股东对券商发展前景的看好。”
中信建投非银及金融科技首席分析师赵然表示，券商要实现做优做强的目标，往往需要提升买方业务能力，而提升这一能力，通常离不开资本的补充。不过，券商在持续扩表过程中资金运用效率偏低，导致估值难以长期稳定，难以继续在公开市场进行股权融资，被迫采取定向配股或发行次级债补充资本。破局的核心是优化资本运用方式、开展商业模式创新，将重资本业务“做轻”，轻资本业务“做重”，并通过“并购+科技投入+国际化”三大路径实现弯道超车。"
中信证券,其他,,cnstock,大股东拟增资160亿元，中信证券加码国际化,中国证券报微信公众号,2026-05-28,https://mp.weixin.qq.com/s/IAoixxTZy-2ntBV8-kLB6w,,微信扫一扫可打开此内容， 使用完整服务
中信证券,研报观点,,cnstock,大股东拟增资160亿元，中信证券加码国际化并出炉三年股东回报规划,中证金牛座,2026-05-28,https://jnzstatic.cs.com.cn/zzb/htmlInfo/123835.html,,"5月28日，中信证券连发两项重要公告，官宣百亿级H股定向增发计划，同时审议通过未来三年股东回报规划，一方面加码国际化业务布局、夯实境外发展实力，另一方面稳定股东回报、筑牢长期投资价值。
当日披露的定增公告显示，中信证券拟向第一大股东中国中信金融控股有限公司（以下简称中信金控）定向发行7.94亿H股，发行价格为每股23.13港元， 本次募集资金总额折合人民币160亿元 ，所募资金将全部用于公司国际化业务发展，具体投向涵盖增资中信证券国际有限公司（以下简称中信证券国际）、拓展境外资本中介类业务、补充海外运营流动性等核心领域。
据了解，本次H股定向发行由大股东中信金控全额现金认购，同时中信金控作出承诺，48个月内不转让本次认购的全部股份。交易完成后，中信金控对中信证券的持股比例将提升至23.91%。
相关负责人表示，作为中信集团综合金融服务板块的核心发展平台与运营主体，中信金控全额包揽本次定增股份，是中信集团及中信金控看好中信证券长期发展前景的有力佐证。此次资本注入，将进一步深化中信证券与控股股东的战略协同关系，强化集团内部资源整合与跨境业务联动，以实打实的资本支持，为公司国际化战略落地保驾护航。
本次百亿级募资落地后，将有效缓解中信证券及其境外子公司的资本约束，大幅提升中信证券国际业务资本实力、风险抵御能力及境外市场扩张能力，助力公司更好承接中国企业“走出去”、国际资本“引进来”的双向金融服务需求。
凭借多年全球化布局，目前中信证券业务已覆盖亚太、欧美13个国家及60多个主要金融市场，是“一带一路”区域内，分支机构布局、研究覆盖范围、销售网络及清算交收基础设施最为完善的中资券商。依托完善的海外业务体系，中信证券国际业务持续稳步增长，经营成效凸显，去年国际业务业绩创下历史新高，本次资本加持将进一步打开公司海外业务增长空间。
在加码国际化布局的同时，中信证券同日发布未来3年股东回报规划。中信证券董事会明确，将严格遵循监管要求与公司治理规范，维持分红政策的稳定性、连续性与透明度，通过常态化、标准化的现金分红机制，实现股东回报、公司经营发展与投资者预期的有机统一，持续巩固公司长期投资价值。
公开数据显示，中信证券自2003年A股上市以来，始终坚守稳定分红理念，持续以现金分红回馈投资者。截至2026年5月，公司已实现连续24年现金分红，累计分红总额超930亿元。其中2025年年度分红金额达103.74亿元，创下公司年度分红历史新高。长期来看，公司现金分红比例稳定维持在35%左右，分红水平位居证券行业前列，充分展现出稳健的经营实力和回馈股东的责任担当。"
中信证券,研报观点,投资,cnstock,中信证券资本市场论坛研判：变局中彰显经济韧性 多行业投资机遇显现,中国证券报,2026-05-28,https://www.cs.com.cn/qs/2026/05/28/detail_2026052810014575.html,5月27日至29日，中信证券2026年资本市场论坛在上海举办。 公司供图 分析人士认为，当前全球经济迎来深度结构性转型，地缘冲突、能源价格波动以及各国政策分化使全球发展态势显著割裂，外部不确定性持续升温。在此背景下，中国经济于风浪中尽显韧性，依托“韧链强基”“科创自立”双轮驱动，人工智能、高端制造等新兴产业不断突破,"5月27日至29日，中信证券2026年资本市场论坛在上海举办。
分析人士认为，当前全球经济迎来深度结构性转型，地缘冲突、能源价格波动以及各国政策分化使全球发展态势显著割裂，外部不确定性持续升温。在此背景下，中国经济于风浪中尽显韧性，依托“韧链强基”“科创自立”双轮驱动，人工智能、高端制造等新兴产业不断突破，新增长动力加速形成。业内预判国内经济运行总体平稳，资本市场投融资生态持续优化。面对全球K型分化格局，A股形成全新配置逻辑，AI、能源化工成为核心主线，光通信、大模型、创新药、能化等领域迎来供需共振，各大细分赛道开启价值重估窗口。
“过去一年，中国经济于全球动荡中彰显韧性，资本市场生态持续优化、信心稳步提振。”中信证券执行委员、中信证券国际董事长李春波表示，当前全球产业链重构加速，地缘冲突、科技封锁与资源安全问题交织，筑牢实体经济根基、提升产业链韧性愈发重要。
同时，新一轮科技革命深入推进，我国在人工智能、高端制造、新能源等领域实现突破，正重塑产业竞争优势。李春波表示，从核心逻辑来看，“韧链强基”与“科创自立”的双重驱动，将强化资本市场服务新质生产力的功能，推动价值投资新机遇的形成。“韧链强基”的核心是筑牢产业链供应链安全屏障，增强关键领域自主可控能力，这构成了统筹发展和安全的重要支撑；“科创自立”聚焦关键核心技术突破，正重塑宏观经济、产业体系与资本市场运行范式。
这一产业政策格局将从投融资两端深刻重塑市场生态。李春波认为，融资端，政府工作报告明确对关键核心技术领域的科技型企业常态化实施上市融资、并购重组“绿色通道”机制，以科技金融支持创新创造；投资端，“长钱长投”制度环境持续完善，投资者可伴随科技型企业成长，分享科技进步成果。值得关注的是，随着中国资本市场韧性提升，低波动上行行情预期将更深入人心，投融资协调发展格局将愈发稳固。
中信证券首席经济学家明明表示，当前全球经济正经历深度结构性转型。发达经济体受刚性债务、利息支出拖累，财政负担加重，长期增长动能持续走弱。受相关地缘冲突影响，国际油价上行，预计将滞后推升美国通胀，进一步压缩美联储降息空间。在此背景下，2026年美国经济或将温和增长，短期美债利率维持高位，美元指数有望持续走强。
中信证券宏观与政策首席分析师杨帆表示，我国经济发展的新动力正在快速崛起。AI产业外需爆发与地缘局势引发的输入型通胀成为2026年宏观经济新特征。政策聚焦更多转向结构性改革，以反内卷和碳考核优化供给，以财税改革引导需求。展望下半年，预计全年GDP实际增速可达4.7%，出口延续高景气，消费呈现服务强、商品弱格局，投资实现低速正增长。
大类资产配置上，明明认为，在经济复苏、通胀温和回升的环境中，权益资产性价比突出。A股市场方面，AI产业发展、大宗商品价格上涨将成为核心定价因素。债券市场方面，利率债短端走势保持稳定，长债利差有望收窄，信用债收益率进一步下行的空间有限，建议重点关注具备利差优势、投资胜率较高的板块。汇率层面，人民币汇率有望实现温和升值。
对于全球市场，中信证券国际首席经济学家Leif Eskesen表示，去年支撑全球经济韧性的利好因素正在消退，虽然部分经济体有望迎来新增长动能，但中东地缘局势已经对进口油气敞口较高的亚洲国家产生显著冲击，各经济体的发展态势将出现显著分化。这一分化格局在货币政策与财政政策层面表现得尤为突出，货币政策方面，全球宽松周期已基本结束，部分央行边际上逐步转向收紧；财政政策方面，各国前景分化，但美国、德国和日本相对积极。
具体来看，Leif Eskesen认为，美国的经济数据仍具韧性，劳动力市场维持弱稳定，但消费者信心走弱、实际支出放缓，而且通胀受关税和能源价格推动依然高企，美联储或将维持较长时间的观望立场。
中信证券国际首席股票策略师Alexander Redman表示，中东地缘局势推动油价上行，当前WTI原油价格较美国库存对应的均衡价格存在显著地缘政治溢价，美国CPI也已升至近三年高位。倘若美联储被迫加息，收益率曲线的熊平风险或将对周期股带来冲击。AI应用落地或将推动美国生产率实现翻倍增长，但超大型云厂商的资本开支已超出自身内部融资能力，或引发过度发行债券的风险。
“放眼美股市场，市场普遍预期标普500指数每股收益（EPS）在未来两年将延续高增长态势，增速大幅超过过去四十年平均水平。不过，当前市场情绪极度乐观，标普500指数经周期调整的市盈率处于高位，市销率更是超过了互联网泡沫时期的高点，散户保证金余额占市值比例也创下历史纪录。”Alexander Redman称，参考拟合模型测算结果，目前美股已处于超买状态，未来一年内上行空间较为有限。
在全球经济分化与风险交织的背景下，A股市场呈现独特运行逻辑。针对下半年股票投资策略，中信证券首席A股策略师裘翔提出应对市场波动的三大底层框架：一是立足全球视角审视中国市场；二是以K型思维替代牛熊思维研判市场格局；三是从“建造AI”向“适应AI”的维度看待技术演进。配置策略则聚焦“AI+能化”的新杠铃结构。
“从AI发展的影响来看，无论是宏观经济增速、市场个股涨幅，还是个体劳动收入，均受其驱动呈现出显著的K型分化。”裘翔认为，从A股企业盈利维度观察，除产业自身因素外，核心影响因素为人民币汇率的持续升值趋势，以及通胀回升背景下CPI与PPI的剪刀差变化——前者关乎外需相关企业的利润兑现，后者影响内需领域的价格传导效率。从市场资金面来看，AI时代下，全民更广泛参与资本市场已成为必然趋势，但错失机遇与决策失误的成本均有所抬升，这意味着激进型与保守型资金将同步存在、持续壮大，杠铃结构或将长期存续。
配置层面，裘翔表示，Agentic AI催生新增需求，中东供应链中断抑制供给，二者构成了今年超预期供需缺口的形成与利润兑现的核心驱动因素。“AI+能化”由此成为本年度新的杠铃结构，类似2023年-2024年的“AI+红利”及2025年的“AI+资源”配置逻辑。从长期视角看，围绕“建造AI”的相关原生AI及“卖铲人”相关投资机会已获得充分认知，而“适应AI”已成为更广泛的经济与市场参与主体所面临的核心挑战，亦将逐步成为下一阶段的市场主旋律与核心机遇，其核心在于持续夯实并强化内在比较优势。
下半年重点行业机会展望是本次资本市场投资论坛的焦点，重点方向集中在供需共振、技术突破与政策支持三大核心领域，中信证券多名行业分析师分别提示了国产光通信、大模型、创新药及能源化工等多个赛道的投资机遇，为投资者提供了明确的布局方向。
具体到细分领域，在AI产业持续高景气的背景下，光通信行业成为确定性较高的受益赛道。中信证券通信行业首席分析师李赫然表示，光互联正在逐渐替代铜连接，成为实现高性能、高带宽、低延迟AI网络的关键。其中Scale up层面作为新兴光模块市场，技术处于高速迭代阶段，NPO、CPO等方案同步演进。长期看，预计CPO将成为产业发展大趋势，但短期受制于产业成熟度等因素，NPO将成为下一代落地应用的主战场。在技术快速演进的过程中，行业龙头依托深厚的技术积淀与持续的创新能力，将继续巩固技术领先优势并引领产业升级方向，因此国内外光通信龙头企业值得重点关注。
除此之外，AI大模型领域的商业化落地与技术深化带来显著投资机会。中信证券互联网行业首席分析师廖原表示，全球模型公司商业化进入兑现阶段，ARR与估值齐创新高，行业演进至Agent深化阶段，Harness工程加速落地；Coding成为全行业共识赛道，多态是Agent必经之路，国产视频生成模型位居全球第一梯队。历经三年发展，中美技术代际差距已收敛至5个月以内，国产厂商在紧跟主线的同时具备算力适配与性价比优势。展望未来，Agent与多模态深化有望驱动Token消耗实现5年百倍增长，长期向全球模型跃迁，建议重点关注具备全栈AI能力的头部模型公司及云计算企业。
另一个值得重点布局的领域是创新药行业，中信证券创新药行业首席分析师李安飞表示，2026年多个国际学术大会召开在即，行业进入创新药数据密集读出期，头部创新药企业有望迎来业绩释放，核心管线即将迎来重磅数据读出催化，具有全球潜力的资产国际化价值有望加速兑现。同时，政策层面的大变革也开始逐步回归到以临床价值和需求为导向的价格定价体系，带来稳定且持续的医药市场环境，行业成长确定性较高，既具备阿尔法机会，也不乏贝塔行情，建议加大对龙头创新医药器械企业的布局力度。
此外，能源化工板块在预期差修复中凸显投资价值。中信证券能源转型行业分析师管宸昊表示，当前市场及产业对能源化工下游需求预期较悲观，存在较大预期差，下游因不相信涨价能持续而完成去库，后续补库开启叠加旺季需求，有望推动化工价差和盈利超预期增长，看好能源化工板块的布局机会。"
中信证券,研报观点,,cnstock,中信证券明明：我国经济在波动中复苏 权益资产性价比突出,中证金牛座,2026-05-27,https://jnzstatic.cs.com.cn/zzb/htmlInfo/123673.html,,"5月27日至29日，中信证券2026年资本市场论坛在上海举办。
会议上，中信证券首席经济学家明明表示，当前全球经济正经历深度结构性转型。发达经济体受刚性债务、利息支出拖累，财政负担加重，长期增长动能持续走弱。受相关地缘冲突影响，国际油价上行，预计将滞后推升美国通胀，进一步压缩美联储降息空间。在此背景下，2026年美国经济或将温和增长，短期美债利率维持高位，美元指数有望持续走强。
明明预计，在宏观政策持续发力下，2026年国内实际GDP增速有望达到4.7%左右，伴随通胀回暖，名义GDP也将迎来回升。财政政策将保持温和扩张，地方化债工作稳步推进，地方政府财力逐步改善，政策对经济的提振效果将持续显现。货币政策方面，当前市场流动性合理充裕，降准必要性偏低；叠加温和通胀环境，降息的紧迫性也有所下降。
大类资产配置上，明明认为，在经济复苏、通胀温和回升的环境中，权益资产性价比突出。A股市场里，AI产业发展、大宗商品价格上涨将成为核心定价主线。债券市场方面，利率债短端走势保持稳定，长债利差有望收窄，信用债收益率进一步下行空间有限，建议重点关注具备利差保护、投资胜率较高的板块。汇率层面，人民币汇率有望实现温和升值。"
中信证券,研报观点,,cnstock,中信证券李春波：“韧链强基”与“科创自立”双轮驱动 重塑资本市场发展格局,中证金牛座,2026-05-27,https://jnzstatic.cs.com.cn/zzb/htmlInfo/123672.html,,"5月27日至29日，中信证券2026年资本市场论坛在上海举办。
中信证券执行委员、中信证券国际董事长李春波在会上表示，过去一年，中国经济于全球动荡中彰显韧性，资本市场生态持续优化、信心稳步提振。当前全球产业链重构加速，地缘冲突、科技封锁与资源安全问题交织，筑牢实体经济根基、提升产业链韧性愈发重要。同时，新一轮科技革命深入推进，我国在人工智能、高端制造、新能源等领域实现突破，正重塑产业竞争优势。
李春波认为，“韧链强基”与“科创自立”的双重驱动，将强化资本市场服务新质生产力的功能，加速价值投资新机遇形成。
“韧链强基”的核心是筑牢产业链供应链安全屏障，增强关键领域自主可控能力，是统筹发展和安全的重要支撑。李春波表示，从外部环境来看，地缘冲突频发、技术封锁与贸易壁垒蔓延，大国博弈加剧，凸显提升自主可控能力的紧迫性。政策层面，我国“十五五”规划将建设现代化产业体系、加快高水平科技自立自强作为两大重大战略任务，聚焦战略竞争领域和产业链薄弱环节，人工智能、生物科技等重点领域将获持续政策倾斜。市场端，全球投资者对韧性与安全的溢价认知提升，资本向安全韧性领域聚集，成为中国资本市场与实物资产价值重估的重要基础。
“科创自立”聚焦关键核心技术突破，正重塑宏观经济、产业体系与资本市场运行范式。李春波表示，一方面，算力、AI、新能源等新产业新业态，已成为稳增长、调结构的重要支撑，储能、电动车等新能源产品增长潜力持续释放；另一方面，新技术向经济社会全域渗透，人工智能赋能千行百业，推动各领域生产流程、商业模式革新。企业竞争焦点从资源占有转向技术变革适配，产业组织方式向数字化、网络化协同演进。
从资本市场视角，这一产业与政策格局将深刻重塑市场生态。融资端，政府工作报告明确对关键核心技术领域的科技型企业，常态化实施上市融资、并购重组“绿色通道”机制，以科技金融支持创新创造；投资端，“长钱长投”制度环境持续完善，投资者可伴随科技型企业成长，分享科技进步成果。随着中国资本市场韧性提升，低波动上行行情预期将更深入人心，投融资协调发展格局将愈发稳固。"
中信证券,研报观点,,cnstock,中信证券：上海加码太空算力，全球产业正提速,中证金牛座,2026-05-22,https://jnzstatic.cs.com.cn/zzb/htmlInfo/123300.html,,中信证券研报称，太空算力产业发展研讨会近日在上海召开，建立“高校+科研院所+科技企业”创新体系；SpaceX规划百万颗级别太空算力星座，自建芯片工厂加码产业布局，全球太空算力产业趋势进一步强化。尽管由于商业火箭客观特点，可回收等发射节奏时有波动，但更需看到可回收技术突破后产业实现指数级别增长的潜力，以及太空算力更广阔的产业空间，聚焦“核心资产”及“通胀环节”。
中信证券,研报观点,,cnstock,中信证券：大众品调整接近尾声、龙头彰显韧性，配置窗口开启,中证金牛座,2026-05-22,https://jnzstatic.cs.com.cn/zzb/htmlInfo/123299.html,,中信证券研报称，过去三年业绩下行期中，大众品企业削减资本开支减少产能投放、计提减值推动资产负债表质量提升、提升分红回购比例增加股东回报，短期财报显示大众品行业需求筑底、竞争缓和，基本面调整接近尾声。同时在行业下行期过程中，龙头公司竞争力依然强大，实现份额稳中有升。看好大众品2026年基本面温和上行以及板块底部配置的宝贵机会。重点推荐顺周期属性较强的餐供和乳品板块；推荐独立成长性强的量贩零食龙头公司、保健品龙头公司以及饮料龙头；推荐部分估值便宜或者短期杀跌较多的饮料企业和零食企业。
中信证券,研报观点,,cnstock,中信证券：短期港股估值扩张行情或延续,中证金牛座,2026-05-21,https://jnzstatic.cs.com.cn/zzb/htmlInfo/123211.html,,中信证券研报称，当前港股流动性依旧较为充裕。鉴于5月底MSCI季度调仓或对港股带来增量资金，短期港股估值扩张的行情或延续，但6月起需关注解禁对港股二级市场流动性的压力。行业维度方面，建议关注：科技板块中业绩预期已充分调整的互联网、半导体和机器人板块；基本面预期触底、低估值+高股息的消费板块；港股红利交易扩散下或受益的能源、电信运营商、公用事业等。
中信证券,研报观点,,cnstock,中信证券：预计二季度开始白酒公司业绩有望出现改善,中证金牛座,2026-05-21,https://jnzstatic.cs.com.cn/zzb/htmlInfo/123209.html,,"中信证券研报称，白酒行业底部已至，头部酒企加速出清、库存去化、量价触底、供给主动收缩、渠道生态改善、市场预期低位等底部特征已逐步显现。今年以来，宏观层面积极信号正在从多个维度逐步积累。白酒行业整体动销同比降幅已有一定程度收窄，若未来需求逐步企稳，考虑到2025年的基数效应，预计2026年二季度开始白酒公司业绩表现有望出现一定程度改善。虽然内需复苏的时间和节奏难以预测，但长期向好趋势明确，考虑到目前白酒行业底部已至，且头部白酒公司通过提高分红率、回购、增持等不断提升股东回报，提供较好的投资安全边际支撑。延续对头部名酒企业的配置建议。
啤酒方面，中信证券认为，2026年啤酒行业将处于温和复苏的趋势。展望2026年全年，预计随着旺季来临，啤酒板块将有一定程度的催化，酒企将保持备货节奏，持续推进产品结构优化，行业量价或将企稳并温和复苏。"
中信证券,研报观点,,cnstock,中信证券：Token工厂陆续落地，看好头部算力租赁厂商的增长弹性,中证金牛座,2026-05-20,https://jnzstatic.cs.com.cn/zzb/htmlInfo/123118.html,,中信证券研报称，Token工厂陆续落地，Token服务走向标准化。三大运营商推出Token套餐，标准化Token运营走向千家万户。Token工厂及Token运营商推动产业链价值重估，推动算力租赁从当前以“裸金属”服务器租赁时长为基础的固定月租模式，转向按实际Token用量计费的模式，头部算力租赁厂商卡位优势突出。建议关注Token工厂及算力租赁相关标的，看好头部算力租赁厂商在Token用量新一轮增长趋势下的增长弹性。
中信证券,研报观点,,cnstock,中信证券：MLCC行业正进入新一轮涨价、景气上行周期,中证金牛座,2026-05-20,https://jnzstatic.cs.com.cn/zzb/htmlInfo/123116.html,,中信证券研报称，MLCC（贴片电容）在服务器、光模块有广泛应用，受益服务器功率提升、垂直供电、800V等升级有望迎量价齐升机遇。当前受益AI需求景气，MLCC行业正进入新一轮涨价、景气上行周期，看好本土厂商乘风发展并顺势加速服务器、车规等高规格产品突破。
中信证券,研报观点,投资,cnstock,中信证券：消费仍处景气修复通道，投资配置建议坚持“杠铃策略”,中证金牛座,2026-05-15,https://jnzstatic.cs.com.cn/zzb/htmlInfo/122706.html,,中信证券研报称，短期而言，消费仍处于景气修复通道中，因此在beta性机会方面建议关注利好政策或市场风格的切换。当前投资配置建议坚持“杠铃策略”：一端通过服务消费等成长性消费博弈政策弹性及财富效应传导；另一端通过高股息资产构建防御底仓，密切关注CPI转正带来的餐饮供应链量价齐升机会。长期而言，维持重视消费结构的变化进行结构性配置的建议。
中信证券,研报观点,,cnstock,中信证券：算力期货有望重塑AI产业链金融生态,中证金牛座,2026-05-14,https://jnzstatic.cs.com.cn/zzb/htmlInfo/122595.html,,中信证券研报表示，芝商所与Silicon Data计划于2026年内推出全球首个锚定GPU算力租赁费率的现金结算期货，此举有望推动算力资产开启资产化、金融化进程。尽管该产品在算力标准统一、现货定价透明化及交割确权等方面仍存挑战，但若成功推出，有望从套期保值、价格发现、资源配置优化及生态繁荣四个维度重塑AI产业链金融生态，提升全产业链的资产质量与盈利确定性。投资层面，算力金融化有望利好云厂商、AI应用、算力租赁及AI算力硬件四大核心环节。
中信证券,研报观点,,cnstock,中信证券：金属行情仍然可期,中证金牛座,2026-05-13,https://jnzstatic.cs.com.cn/zzb/htmlInfo/122481.html,,中信证券研报表示，当前金属板块估值仍处合理水平，铝、铜、镍钴锡锑、黄金估值处于相对低位，估值回升仍然可期。行业分红略有回落，但部分个股预测股息率仍达5%以上。展望2026年，流动性冲击缓和、供应扰动频发、个别下游领域延续较高景气，建议持续重点关注锂、铜、稀土、战略金属、铝、黄金板块配置机会。
中信证券,投资并购动态,投资,cnstock,中信证券：上市制度或进一步优化 港股IPO有望保持火热,证券时报网,2026-05-11,https://www.cs.com.cn/gppd/ggzx/2026/05/11/detail_2026051110010745.html,人民财讯5月11日电，中信证券研报称，2026年截至4月，港股IPO发行保持高热度，项目呈现大市值化、A2H显著增多的特点，已从消费、医药转向AI、高端装备等科技制造板块。投资端看，机构及个人均保持较高热情，打新收益已走出2025年年末谷底并恢复至较优水平。面向未来，中信证券认为IPO项目储备充足，发行制度或将优化以吸引更多优质公司,人民财讯5月11日电， 中信证券研报称，2026年截至4月，港股IPO发行保持高热度，项目呈现大市值化、A2H显著增多的特点，已从消费、医药转向AI、高端装备等科技制造板块。投资端看，机构及个人均保持较高热情，打新收益已走出2025年年末谷底并恢复至较优水平。面向未来，中信证券认为IPO项目储备充足，发行制度或将优化以吸引更多优质公司，丰富且优质的项目为港股IPO保持火热提供基础。
中信证券,研报观点,,cnstock,中信证券朱烨辛：AI 与能源革命重塑产业格局，中国科技产业展现专注定力,中证金牛座,2026-05-08,https://jnzstatic.cs.com.cn/zzb/htmlInfo/122152.html,,"5月6日至5月8日，由中信证券主办的2026年“智启新征程”资本市场高峰大会在上海举行。
会议中，中信证券党委委员、经营管理委员会执行委员朱烨辛表示，当前以人工智能为代表的新兴科技领域发展日新月异，能源革命浪潮澎湃，全球正处于科技革命、能源革命与资源溢价交汇叠加的历史性节点。回首过去一年，全球科技产业的竞争重心已发生根本性转变：大模型技术能力加速迭代，推动智能体从概念走向编程等场景的规模化商用；具身智能不再停留于概念演示，人形机器人已逐步进入汽车、电子等制造场景；工业AI的价值也不再局限于局部效率提升，而是开始重塑整条生产链的组织方式。与此同时，绿色能源与新材料的突破，正为全球资源定价体系注入新变量。
“不过，任何一场深刻的技术变革都不会一帆风顺。新兴技术的迭代升级，往往伴随着标准重建、路径探索与能力积累的漫长过程。”朱烨辛表示，中国科技产业在这一进程中，展现出了难得的专注与定力。在半导体装备、关键材料、高端制造、国产模型算力等领域，从基础研究到产业落地稳步夯实技术根基，逐步构建起参与全球产业分工的核心竞争力。在他看来，中国正是这场全球产业变革中最活跃、最具爆发力的参与者。
朱烨辛表示，多重积极因素正加速累积，资本市场生态也在经历根本性重塑，中国的国际话语权与主动权显著增强，新的征程已然开启。在此背景下，中信证券将践行国家战略，当好服务实体经济的主力军与维护金融稳定的压舱石，全力为建设金融强国贡献更大力量。"
中信证券,研报观点,,cnstock,中信证券科技产业研究团队：5月配置逻辑可聚焦两方面,中证金牛座,2026-05-08,https://jnzstatic.cs.com.cn/zzb/htmlInfo/122150.html,,"5月6日至5月8日，由中信证券主办的2026年“智启新征程”资本市场高峰大会在上海举行。
会议期间，中信证券科技产业研究团队表示，4月科技板块迎来强势修复，其中硬件端表现显著优于软件端，AI算力链景气度领跑全产业链。
科技板块的修复趋势，在业绩层面得到了进一步验证。研究团队认为，电子行业一季度盈利与净利润高增长公司占比均处于高位，算力基建相关板块，如PCB、半导体设备、集成电路等，景气度持续领先；相比之下，计算机行业业绩则相对承压。
基于上述行业表现与业绩验证，结合当前行业动态及前期市场修复节奏，研究团队对5月-6月市场作出展望。其认为，当前模型迭代已进入周级更新的新阶段，预计年中各主要模型公司将密集推出大版本升级，行业商业化进程有望加速进入正循环。值得关注的是，4月市场在摆脱地缘扰动后完成一轮普涨修复，且一季报披露已收官。在此背景下，5月配置逻辑可聚焦两方面：一方面，业绩兑现确定性强的算力链主线仍是配置首选；另一方面，市场关注点与定价逻辑或逐步从需求与订单能见度，切换至上游供应链环节，其中AI业务敞口持续提升、前期处于滞涨状态的细分领域，性价比优势正逐步凸显。
在配置策略上，研究团队建议，坚守科技景气四条主线：一是即将进入版本迭代窗口、ARR（年度经常性收入）仍保持快速增长的国产大模型公司；二是受益于国产存储与先进制程扩产、国产化率稳步提升的半导体设备企业，以及承接国产算力迭代需求的相关主体；三是光通信领域具备稳定物料保供能力、业绩确定性高的龙头企业，以及上游供应紧张、存在涨价预期的光芯片公司；四是AI敞口逐步提升的算力链上游环节，如MLCC（片式多层陶瓷电容器）、模拟芯片、电子布、CCL（覆铜板）等。同时可关注自动驾驶与人形机器人两大低位弹性方向，静待后续更多催化因素落地。"
中信证券,其他,,cnstock,中信证券：电子行业景气持续向上 坚定看好四大方向,证券时报网,2026-05-08,https://www.cs.com.cn/gppd/gsyj/2026/05/08/detail_2026050810010150.html,人民财讯5月8日电，中信证券研报认为，复盘电子板块2026年一季度，需求角度，AI数据中心相关需求保持高速增长，汽车存在补库需求，消费电子需求受到一定影响，其他工业等toB下游持续复苏。综合来看，表现相对亮眼的细分板块有：算力相关PCB、国产算力芯片龙头、存力/运力芯片龙头、设备龙头等。展望未来，行业景气有望延续,人民财讯5月8日电，中信证券研报认为，复盘电子板块2026年一季度，需求角度，AI数据中心相关需求保持高速增长，汽车存在补库需求，消费电子需求受到一定影响，其他工业等toB下游持续复苏。综合来看，表现相对亮眼的细分板块有：算力相关PCB、国产算力芯片龙头、存力/运力芯片龙头、设备龙头等。展望未来，行业景气有望延续，其中AI仍是最大驱动力，海外算力与国产算力共振成长，此外先进逻辑/存储扩产有望提速。研报继续坚定看好板块整体的未来行情，推荐国产算力链、半导体设备链、海外算力链、消费电子整体修复四条主线。
中信证券,其他,,cnstock,中信证券：4月科技板块强势修复 坚守科技景气四条主线,证券时报网,2026-05-08,https://www.cs.com.cn/gppd/gsyj/2026/05/08/detail_2026050810010147.html,人民财讯5月8日电，中信证券研报指出，4月科技板块强势修复，硬件端显著跑赢软件端，AI算力链景气度领先。展望5—6月，模型进入周级迭代新阶段，预计年中将迎各主要模型公司大版本更新，商业化加速进入正循环。景气不止、行情不止，建议坚守科技景气四条主线：1）即将进入版本迭代窗口、ARR仍在快速提升的国产大模型公司,人民财讯5月8日电，中信证券研报指出，4月科技板块强势修复，硬件端显著跑赢软件端，AI算力链景气度领先。展望5—6月，模型进入周级迭代新阶段，预计年中将迎各主要模型公司大版本更新，商业化加速进入正循环。景气不止、行情不止，建议坚守科技景气四条主线：1）即将进入版本迭代窗口、ARR仍在快速提升的国产大模型公司；2）受益于国产两存与先进制程持续扩产、国产化率持续提升的半导体设备公司；3）光通信具备物料保供能力的业绩高确定性龙头，与上游供应紧张、具备涨价预期的光芯片公司；4）AI敞口逐步提升的算力链上游，如MLCC、模拟、电子布、CCL等环节。同时提示自动驾驶与人形机器人低位弹性方向，静待更多催化。
中信证券,研报观点,,cnstock,中信证券国际获批伦敦金属交易所清算会员 携手中信期货国际深化全球业务布局,中国证券报·中证网,2026-05-06,https://www.cs.com.cn/qs/2026/05/06/detail_2026050610009647.html,中证报中证网讯（记者 马爽）2026年5月6日，中信证券国际英国子公司（CITIC CLSA UK）获批成为伦敦金属交易所（The London Metal Exchange，LME）二类清算会员（Category 2 Clearing Member）。继2025年4月中信证券国际新加坡子公司（CITICCLSA,"中证报中证网讯（记者 马爽）2026年5月6日，中信证券国际英国子公司（CITIC CLSA UK）获批成为伦敦金属交易所（The London Metal Exchange，LME）二类清算会员（Category 2 Clearing Member）。继2025年4月中信证券国际新加坡子公司（CITICCLSA Singapore）加入新加坡交易所衍生品清算会员，本次资格获批为中信证券国际协同中信期货深化全球战略化布局的又一关键突破，推动中信证券期货业务国际化布局持续深化。
中信期货作为在中国市场有竞争力的期货经营机构，通过其境外子公司中信期货国际（CITIC Futures International，CFI），持续构建覆盖全球期货和衍生品市场的综合服务能力，为中信证券建立全品种、全业务线、全牌照的业务体系提供有效扩充。作为中信证券全资子公司，中信证券国际（CITIC Securities International，CSI）业务遍布亚洲、大洋洲、欧洲和美洲的13个国家，为全球机构投资者、企业、政府和高净值人士提供综合金融方案。为提升期货全球市场服务能力，中信期货国际与中信证券国际协同布局全球交易与清算，先后取得新加坡交易所清算会员、伦敦金属交易所清算会员资格，为服务全球大宗商品市场与实体企业跨境风险管理提供一站式、高效率的综合金融解决方案。
中信期货相关人士表示，未来中信期货国际与中信证券国际将继续深化全球市场协同合作，持续拓展全球清算布局和期货衍生品领域的专业服务能力，进一步提升中信品牌的国际影响力，为助推中国实体企业的全球产业链、供应链、价值链布局，服务国家高水平对外开放大局贡献中信方案与中信智慧。"
中信证券,研报观点,,cnstock,中信证券：面板短期涨价有望释放利润弹性，看好后续龙头厂商业绩加速释放,中证金牛座,2026-04-16,https://jnzstatic.cs.com.cn/zzb/htmlInfo/119756.html,,中信证券研报表示，短期来看，赛事备货推动面板供需向好，TV面板2026年第一季度全面涨价，2026年4月有望持续，面板厂业绩趋势环比向好。长期来看，坚定看好面板行业良性竞争下的价值逻辑，预计未来行业利润释放将从主要依赖涨价驱动逐步转向更多的产业价值创造。主要体现在：大尺寸化推动供需平衡中枢持续上行从而支撑价格平稳向上，制造端持续国产化降本及高端化升级，折旧迎来达峰退出，少数股权收回等，看好后续龙头厂商业绩加速释放。
中信证券,研报观点,,cnstock,中信证券暂时领跑，上市券商ROE延续回升态势,中证金牛座,2026-04-14,https://jnzstatic.cs.com.cn/zzb/htmlInfo/119567.html,,"截至4月14日中国证券报·中证金牛座记者发稿时，A股上市券商中有25家交出了2025年“成绩单”，占比超过半数。得益于资本市场改革持续深化、市场交投活跃等积极因素， 前述25家券商2025年归母净利润均保持增长，绝大多数公司加权平均净资产收益率（ROE）水平也有进一步提升。
从单家券商情况看， 中信证券、中信建投、广发证券3家头部机构2025年加权平均ROE水平暂居前三位，分别为10.59%、10.51%、10.16%；招商证券、中国银河、国泰海通、中金公司等券商紧随其后，2025年加权平均ROE均在9%以上 。
与2024年相比，前述25家券商绝大多数2025年加权平均ROE实现进一步提升，普遍增加1—3个百分点。中金公司2025年加权平均ROE为9.39%，较2024年大幅提升3.88个百分点，增幅最为明显。
进入2026年，A股整体呈现高位震荡走势，市场成交仍维持活跃状态，当前机构对证券行业2026年一季度业绩继续向好持较为积极的预期。
中航证券认为，在市场活跃度提升、多业务协同增长及政策流动性友好三重因素共振下，2026年一季度证券行业盈利向好、确定性强，行业业绩有望实现高基数下的稳健增长。当前券商板块估值仍处于历史低位，行业基本面呈现全面回暖态势，估值具备充足安全边际，叠加市场交投活跃度提升、政策红利持续释放及资金情绪逐步修复，券商有望迎来估值修复行情。"
中信证券,研报观点,,cnstock,中信证券：钢铁行业格局将进一步改善,中证金牛座,2026-04-14,https://jnzstatic.cs.com.cn/zzb/htmlInfo/119527.html,,中信证券研报表示，随着新的行业规范条件下的企业分类发布，钢铁行业高质量发展开始进入“分级评价-名单公告-要素集聚”的实操阶段，行业管理逻辑由过去单纯强调产能合规，进一步转向对高端化、智能化、绿色化和效率能力的综合评价。尤其是对于行业龙头企业，其环保能效等方面都走在前列，随着尾部产能产量的出清，行业格局将进一步改善。
中信证券,研报观点,,cnstock,中信证券：看好家电龙头的后市表现,中证金牛座,2026-04-10,https://jnzstatic.cs.com.cn/zzb/htmlInfo/119219.html,,"中信证券研报指出，2026年一季度家电行业受海内外需求和原材料价格影响，整体表现较弱。考虑到家电企业2025年四季度业绩出现不同程度下滑，市场担忧行业2026年一季度利润率的稳定性。
中信证券认为，2026年一季度白电龙头业绩有望稳健增长；黑电龙头业绩或展现一定弹性；小家电和厨电行业整体仍处于复苏进程，或有结构性亮点。考虑当前的估值和股息率水平，看好家电龙头的后市表现。"
中信证券,研报观点,,cnstock,【中证十点半】通富微电拟募资不超42.2亿元；睿能科技明日复牌；中信证券一季度业绩出炉,中证金牛座,2026-04-09,https://jnzstatic.cs.com.cn/zzb/htmlInfo/119200.html,,
中信证券,研报观点,,cnstock,中信证券：看好国内洁净室领先企业,中证金牛座,2026-04-09,https://jnzstatic.cs.com.cn/zzb/htmlInfo/119109.html,,中信证券指出，在AI带动境外半导体产业需求爆发背景下，境外半导体洁净室厂房建设需求率先提速，相关项目盈利水平、现金流均大幅提升，后续国内半导体投资节奏亦有望跟进提速，盈利水平有望底部回升。供给端，洁净室因技术门槛、高度客户黏性，供给相对刚性，属于典型的存量玩家受益赛道。建议关注已在海外持续有项目兑现、国内洁净室领先企业。
中信证券,研报观点,,cnstock,中信证券：看好二季度煤价表现，板块有望启动新一轮行情,中证金牛座,2026-04-08,https://jnzstatic.cs.com.cn/zzb/htmlInfo/118996.html,,中信证券指出，数据显示，跟踪的样本煤炭上市公司2026年一季度净利润加总口径同比或增长2.2%，动力煤公司整体同比或微增，冶金煤公司整体同比有望快速改善。中信证券看好二季度煤价表现，即便中东冲突缓和，能源供应恢复也需要时间，叠加北半球夏季旺季需求释放， 国内外煤价在二季度中后期或形成共振，煤、化价格上涨的效应在二季度也有望充分体现 ，待市场对煤价预期形成新的催化剂，板块有望启动新一轮行情。
中信证券,研报观点,,cnstock,中信证券：建议关注云产业链及算力租赁相关标的,中证金牛座,2026-04-08,https://jnzstatic.cs.com.cn/zzb/htmlInfo/118995.html,,中信证券指出，伴随Agent应用和多模态生态的爆发，资本开支与算力需求错配，全球Token用量正迎来新一轮加速增长，近两年云产业链有望进入量价齐升的发展大年。云产业链方面，需求推升价格水平，云产业链进入量价齐升周期。算力租赁方面，优质算力芯片供给偏紧，头部算力租赁厂商卡位优势突出，较高杠杆提升高增确定性。建议关注云产业链及算力租赁相关标的。
中信证券,其他,,cnstock,中信证券李翀：AI新方向未明时 HALO值得关注,中国证券报,2026-04-08,https://www.cs.com.cn/gppd/ggzx/2026/04/08/detail_2026040810002179.html,当美以伊冲突的地缘阴影尚未完全笼罩全球市场时，一场关于AI价值重估的变革已悄然展开。在这场变革中，HALO（重资产、低淘汰率）这一概念横空出世，成为连接AI Disruption（人工智能颠覆）与市场防御性需求的关键纽带。 日前，中信证券海外宏观联席首席分析师李翀在接受中国证券报记者专访时表示，HALO,"当美以伊冲突的地缘阴影尚未完全笼罩全球市场时，一场关于AI价值重估的变革已悄然展开。在这场变革中，HALO（重资产、低淘汰率）这一概念横空出世，成为连接AI Disruption（人工智能颠覆）与市场防御性需求的关键纽带。
日前，中信证券海外宏观联席首席分析师李翀在接受中国证券报记者专访时表示，HALO叙事的底层逻辑，是市场完成从对AI泡沫中轻资产高成长的追捧到低替代风险资产生存溢价的全面重估。电力供给瓶颈打破算力无限扩张预期，推动资产定价向难数字化、有实体壁垒的“免疫资产”锚定。该逻辑引发全球市场分化，欧洲重资产板块彰显韧性，印度人力外包标的显露风险。A股、港股符合实物稀缺框架，利好硬核实体资产。同时需厘清投资边界，兼顾短期防御布局，灵活把握长期绑定于AI赛道的成长机遇。
叙事底层逻辑：从AI泡沫到生存溢价重估
HALO的核心要义在于，在AI技术高速迭代的背景下，那些难以被数字化替代、拥有实体壁垒的资产反而成为对抗技术颠覆的“免疫资产”，市场正从“可扩张的轻资产叙事”转向“可建造、难替代的实体产能与网络”的定价逻辑。
“与此前AI泡沫阶段单纯追逐高成长、轻资产的逻辑不同，HALO叙事标志着市场从‘系统性泡沫定价’进入‘结构性分化定价’阶段。”李翀认为，这一转变的触发因素源于AI扩张逻辑中现实瓶颈的显化，其中微软管理层关于“当前不缺算力、缺电力”的表述成为关键拐点。在第一阶段，市场默认算力扩张具备高度确定性，核心资产的增长空间几乎被视为线性外推；而当电力约束成为公开讨论焦点时，扩张逻辑从无限供给转向受限扩张，增长路径开始出现现实边界，市场不得不重新评估谁能受益于资源瓶颈、谁将受到替代冲击、谁具备生存确定性。
HALO的本质是对低替代风险资产的一次性生存溢价重估，即市场中的Survivor（幸存者）。这一逻辑在国别资产表现中尤为明显。李翀表示，欧洲市场因能源、工业、金融和消费类等重资产比重较高、技术迭代风险相对较低的产业结构，难以捕捉AI的高速增长，但在AI Disruption的叙事背景下却具备相对防御属性。年初全球市场对AI主题分化进行再定价过程中，欧洲主要股指表现出较强韧性，印证了Survivor的价值。
“相对而言，以高人力密集服务与外包属性为特征的印度市场近期表现相对滞后。”李翀坦言，随着AI在代码生成、自动化测试、咨询辅助等领域的广泛应用，市场愈发担忧以劳动力密集型外包服务为核心的印度IT商业模式在未来可能面临的需求结构性萎缩。这种分化清晰地表明，HALO叙事并非简单的资产类别轮动，而是对AI时代商业本质的重新认知——在代码膨胀、技术迭代加速的环境中，实物资产与低淘汰率的商业模式反而成为稀缺资源。
行情跨市场传导：分化格局与投资边界厘清
HALO叙事的结构性变化如同一颗投入全球资本市场的石子，在不同市场、不同板块间激起层层涟漪，形成了鲜明的分化格局。李翀表示，在美股市场，美以伊冲突爆发前，AI基建、能源电力、半导体设备及相关物理资源资产阶段性走强，成为结构性赢家；而部分替代风险较高的软件类资产则表现相对承压，沦为短期的Loser。这种分化不仅体现在行业层面，更在全球范围内引发了国别资产的重新定价。
落脚到A股、港股等新兴市场，HALO叙事与中信证券研究部策略组提出的“代码膨胀-实物稀缺”框架形成了深度共鸣。该框架认为，AI带来的全球代码量急剧扩张可能会对低物理依赖度和高市场竞争度的各类生意产生明显冲击，同时那些高物理依赖度和高监管、情感壁垒的生意可能变得更加稀缺。在这种逻辑下，无论短期内AI Agent是否能够立刻对这些生意产生替代作用，市场投资者还是积极做多目前仍然隔绝于AI冲击的堡垒型资产，同时暂时规避那些极易被AI破坏式创新所颠覆的生意。资源、传统制造、能源、服务消费、地产链等相关行业恰恰属于暂时隔绝于生成式AI冲击的堡垒型资产范畴。
“然而，HALO叙事并非万能钥匙，其投资边界同样清晰。HALO不等同于结构性赢家，单纯基于生存确定性的防御配置难以构成长期主线。”李翀认为，这一判断的核心依据在于HALO资产更多体现为盈利稳定性与低替代风险优势，其估值提升来自风险溢价回落，而非盈利加速。真正具备持续超额收益潜力的资产应当位于AI扩张路径的关键节点，与资源瓶颈或技术升级方向形成深度绑定，具备盈利弹性的特征。生存确定性可以带来阶段性溢价，但并不会自动转化为持续的成长溢价，这正是HALO行情的阶段性属性所在。
这种阶段性属性容易导致投资者陷入两大认知误区，李翀介绍道，一是将HALO资产等同于长期投资价值标的，忽视其防御性本质；二是过度集中于低风险资产，错失AI扩张路径上的真正赢家。事实上，HALO交易更多是阶段性风格轮动的体现，而非新的长期增长范式。在AI没有明确的新方向时，HALO值得关注；一旦AI扩张方向明确，资金可能会重新拥抱高增长，这一动态平衡的过程构成了HALO行情的核心特征。
值得注意的是，李翀表示，区分Winner、Survivor与Loser成为把握HALO行情的关键。这三者具有动态属性，不同阶段的扩张瓶颈、资本开支方向与产业链重心变化，都会导致结构内部的胜负关系发生再平衡。当前的阶段性赢家集中于AI基建与资源瓶颈相关资产，而部分被市场视为安全的HALO资产亦可能随着产业逻辑演进而失去安全属性。投资者需要建立动态评估框架，而非静态地将某些行业归为Survivor，这正是HALO行情的复杂性与魅力所在。
市场研判：HALO轮动与多元主线布局逻辑
站在当前时点，HALO行情的持续性成为市场关注的焦点。从本质上看，HALO交易更多是阶段性风格轮动的体现，而非新的长期增长范式。
李翀认为，HALO的出现印证了市场风险定价的成熟化，但单纯基于生存确定性的防御配置难以构成长期主线。真正的长期主线，仍然需要与AI扩张路径形成深度绑定，能够在资源瓶颈或技术升级中获得持续的盈利弹性。因此，HALO行情的持续性将在很大程度上取决于AI技术突破的节奏与宏观环境的变化。
“在当前地缘冲突持续扰动风险偏好以及流动性的环境下，投资策略需要在Survivor与Winner之间寻找平衡。对于布局海外市场的投资者而言，阶段性关注Winner和Survivor两类资产是较为稳妥的选择。”李翀表示，Winner资产主要集中在AI扩张路径的关键节点，如能源电力、半导体设备、AI基建等与资源瓶颈深度绑定的领域，这些资产能够在AI Disruption过程中获得确定性的增长红利。而Survivor资产则以重资产、低淘汰率为特征，如欧洲市场的传统制造业、能源设施、连锁门店等，这些资产能够在AI技术迭代中保持相对稳定，提供防御性收益。
除了HALO主线，2026年海外市场还存在多条值得关注的投资线索，这些主线与HALO叙事相互交织，形成复杂的轮动关系。李翀表示，短期来看，美以伊冲突仍是影响市场的核心变量，在战事明显缓和之前，海外市场建议关注避险和通胀相关主线，避险资产与HALO中的资源类资产形成部分重叠，能够在不确定性环境中提供双重保障。若战事明显缓和，油价回落，风险偏好提升，全球能够重回战前宏观环境，则可以关注温和复苏周期下的资源和顺周期板块，这些板块将从经济复苏与AI扩张的双重红利中受益。
对于A股、港股等新兴市场而言，HALO叙事的传导影响将呈现出本土化特征。中信证券研究部策略组认为，与海外HALO交易侧重于筛选AI冲击下的“免疫资产”不同，中国市场的“实物稀缺”交易更强调“AI敞口+供给约束=涨价预期”的逻辑。资源、传统制造、能源等行业，不仅是AI冲击下的Survivor，更可能在全球供应链重构与国内经济复苏中获得额外的增长动力。同时，那些高物理依赖度和高监管、情感壁垒的行业，如高端白酒、顶级奢侈品、服务消费等，也将在“代码膨胀，实物稀缺”的框架下获得价值重估。
从更长远的视角看，李翀认为，HALO叙事与AI Disruption并非对立关系，而是相互补充、动态平衡的两个方面。投资者需要摒弃非此即彼的二元思维，建立“短期防御+长期成长”的组合配置策略。在AI技术尚未明确新方向时，适当配置HALO资产以获取生存溢价；当AI扩张路径清晰时，及时调整仓位拥抱Winner资产。这种灵活的投资策略，既能够规避AI技术迭代带来的不确定性风险，又能够把握AI发展带来的长期增长机遇，是应对当前复杂市场环境的理性选择。"
中信证券,研报观点,,cnstock,中信证券接手蔚能旗下武汉电池科技公司,中证金牛座,2026-04-02,https://jnzstatic.cs.com.cn/zzb/htmlInfo/118706.html,,"天眼查App显示，近日，蔚能（武汉）电池科技有限公司发生工商变更，原股东武汉蔚能电池资产有限公司退出，新增中信证券为全资股东。
蔚能（武汉）电池科技有限公司成立于2025年10月，经营范围包括蓄电池租赁、新能源汽车废旧动力蓄电池回收及梯次利用、电动汽车充电基础设施运营等。
据悉，2020年，该公司原股东武汉蔚能电池资产有限公司由蔚来、宁德时代等合资在武汉光谷成立。"
中信证券,研报观点,,cnstock,中信证券：国内存储大厂产能扩张和技术迭代有望加速,中证金牛座,2026-03-20,https://jnzstatic.cs.com.cn/zzb/htmlInfo/117276.html,,中信证券研报称，三星电子或举行全国总罢工可能导致的停产风险或加剧全球存储芯片供应紧张，在存储市场高景气度下，看好国内存储大厂的市占率提升。“十五五”期间，国内存储大厂产能扩张和技术迭代有望加速，产业链核心材料与零部件供应商有望充分受益。
中信证券,研报观点,,cnstock,中信证券2026年春季资本市场论坛：聚焦新质生产力 锚定优势制造领域,中国证券报,2026-03-20,https://www.cs.com.cn/qs/2026/03/20/detail_202603206542088.html,3月19日至20日，中信证券2026年春季资本市场论坛在北京举行。中信证券研究团队研判，当前中国经济在波动中稳步复苏，以人工智能、商业航天、生物科技为代表的新质生产力加速从概念转向产业落地，持续重塑经济增长主线。资本市场生态持续优化，制度改革精准护航新产业发展，推动A股迈向增量配置新阶段。市场正聚焦低估值与定价权核心,"3月19日至20日，中信证券2026年春季资本市场论坛在北京举行。中信证券研究团队研判，当前中国经济在波动中稳步复苏，以人工智能、商业航天、生物科技为代表的新质生产力加速从概念转向产业落地，持续重塑经济增长主线。资本市场生态持续优化，制度改革精准护航新产业发展，推动A股迈向增量配置新阶段。市场正聚焦低估值与定价权核心，锚定优势制造布局，新质生产力全面赋能资本市场，为中国资产价值的重估与全球吸引力提升注入强劲动能。
新质生产力赋能资本市场
站在“十五五”开局与迈向2035年远景目标的关键节点，2026年被赋予了非凡的历史使命。中信证券党委委员、经营管理委员会执行委员、研究部行政负责人朱烨辛在论坛首日主论坛致辞中表示，2026年政府工作报告设定的4.5%-5%经济增长目标，既与2035年远景目标一脉相承，又凸显对增长质量的重视，为调结构、防风险、促改革预留了充足空间。在“十五五”规划纲要指引下，现代化产业体系建设正在提速，以人工智能、商业航天、生物科技为代表的新质生产力正从概念探索转向产业落地，持续重塑经济增长主线。尤为重要的是，中国企业出海与人民币国际化正形成战略共振，为中国资产的系统性重估开辟了广阔空间。
资本市场高质量发展的核心支撑，离不开生态体系的持续优化。朱烨辛认为，监管层通过严打财务造假、完善强制退市制度、深化创业板改革等举措，正构建起一个更注重投资者回报保护、制度更包容的市场环境，精准支持新产业、新业态发展。在基本面修复与增量资金入市的双重驱动下，A股正从存量博弈转向增量配置的关键时期，更具韧性的资本市场新生态加速成型，中国资产的全球吸引力也在持续攀升。
权益资产性价比突出
2026年中国经济的复苏路径与政策支撑，成为论坛聚焦的核心议题之一。中信证券首席经济学家明明预判，中国经济将在波动中持续复苏，实际GDP增速有望达4.9%，呈现“V”型增长节奏，而通胀回升将推动名义GDP快速回升。政策层面，积极的财政政策将持续发力，赤字率维持在4%，专项债向项目建设倾斜，政策性金融工具规模扩容至8000亿元；货币政策则具备灵活调整空间，预计全年将降息1次-2次、降准1次，结构性工具将精准发力，支持实体经济。
全球经济格局的演变，正深刻影响资产配置的底层逻辑。明明认为，当前全球经济步入再平衡阶段，美国经济面临结构性矛盾，通胀与经济走弱交织导致美联储降息节奏趋于谨慎。从大类资产表现来看，权益资产在经济复苏与通胀回升周期中性价比突出，国债利率短期或在1.8%附近震荡，人民币汇率则有望在美元偏弱环境下实现温和升值。
内部改革纵深推进，正在重塑中国经济的发展格局。中信证券宏观与政策首席分析师杨帆表示，国内需求侧温和复苏，再通胀预期明确，投资止跌回稳成为经济回升的关键。产业端则聚焦能源安全与航天强国战略，现代化产业体系建设与新兴未来产业发展机遇叠加，为经济增长注入持久动力。
围绕双核心布局优势制造
2026年春季的市场走向，既面临多重不确定性，也孕育着结构性机遇。中信证券首席A股策略师裘翔表示，当前是市场信心重塑与指数抉择的关键时期，全球地缘动荡叠加指数触及关键关口，让三大核心命题浮出水面：全球供应链扰动下A股的上行动力、金融条件走弱对市场风格的影响、AI创新对资产配置的重构，而这三大问题的答案，直指低估值与定价权两大核心要素。
从市场核心驱动力来看，指数层面的估值修复空间已相对有限。裘翔表示，企业利润率的回升将成为下一阶段A股上涨行情的核心驱动力，而全球供应链扰动恰好为检验中国优势制造业的定价权提供了重要契机。从风格演变来看，中东地缘冲突成为今年风格切换的催化剂，在全球能化成本上升与金融条件走弱的背景下，低估值与定价权优势将持续凸显；从产业趋势来看，AI颠覆式创新的加速与全球供应链的重构，正在共同强化中国优势制造业的定价权提升逻辑。
基于上述判断，具体配置策略需紧扣时代趋势与市场逻辑。裘翔建议，投资者应坚定围绕中国优势制造定价权的重估进行布局，核心方向包括化工、有色、电力设备、新能源等行业，涨价主线仍是核心投资线索；同时需增加低估值因子敞口，重点关注保险、券商、电力等板块。这一策略既契合“十五五”规划中现代化产业体系建设的要求，也顺应了全球资产向中国优势资产配置的长期趋势。"
中信证券,研报观点,,cnstock,中信证券：氢能行业有望迎来产业化加速,中证金牛座,2026-03-17,https://jnzstatic.cs.com.cn/zzb/htmlInfo/117003.html,https://jnzstatic.cs.com.cn/zzb/htmlInfo/117003.html,工信部、财政部和国家发改委联合发布《关于开展氢能综合应用试点工作的通知》，提出各地以城市群为主体申报氢能综合应用试点项目，并由中央财政给予四年合计最高80亿元的示范应用奖励。中信证券研报称，今年以来政策力度持续加大，“十五五”期间氢能行业有望迎来产业化加速，看好绿色氢氨醇项目运营商、电解槽生产商以及燃料电池汽车产业链企业。
中信证券,其他,,cnstock,中信证券余经纬：避险滞胀双扰动 高波动迎风格切换,中国证券报,2026-03-14,https://webtestone.cs.com.cn/qs/202603/t20260314_6541211.html,https://webtestone.cs.com.cn/qs/202603/t20260314_6541211.html,"3月，中东地区冲突并引发霍尔木兹海峡航运受阻，成为全球市场核心催化因素，避险情绪与滞胀预期形成双重冲击，进而主导全球资产定价体系。
日前，中信证券大类资产首席分析师余经纬在接受中国证券报记者专访时表示，原油价格暴涨、全球股市震荡、传统避险资产反常走弱，凸显滞胀交易的核心地位。国内A股呈现抗跌但波动加剧的特征，高估值下市场风格有望切换，外部滞胀扰动较短期避险冲击更具持续性。大类资产走势显著分化，债市聚焦国内降息政策窗口，黄金定价逻辑重构，大宗商品则受地缘局势与美联储政策路径左右，政策与供需格局成为驱动资产表现的关键。
三月伊始，中东地区冲突的爆发成为关键催化因素，全球市场迅速确立“避险+通胀”的核心交易主线。冲突直接引发资产价格剧烈波动：全球股市普遍下跌、能源价格飙升、美元走强、海外债市走熊，布伦特原油价格单周涨幅超28%，从3月2日的78.07美元/桶攀升至3月12日的101.75美元/桶，直观反映出地缘风险对市场的即时冲击。
从市场表现来看，一个异常现象值得关注。余经纬表示，传统“避险资产”黄金同步下跌，日元、瑞郎等避险货币亦趋于贬值，均未展现应有避险属性；反观2025年以来屡遭信用质疑的美元，却在这一过程中持续走强。深究背后逻辑，一方面源于前期黄金快速上涨后市场看多观点出现分歧，另一方面更核心的是，油价暴涨强化了全球通胀风险预期，进而削减了市场对美元流动性宽松的憧憬，这种“避险资产失效”的反常表现，恰恰凸显了滞胀预期的主导作用。
进一步追溯波动的核心催化，余经纬认为，霍尔木兹海峡航运受阻成为关键变量。作为全球近17%石油供应的必经通道，该海峡航运中断已导致1.8亿桶石油供应停滞，途经船舶数量从2月28日的91艘锐减至3月8日的4艘。地缘风险的持续发酵进一步放大了市场波动，但韩国股市“先暴跌后暴涨”的走势也表明，当前市场风险偏好虽有所下降，却尚未进入极度悲观的“全然避险”状态，滞胀预期与避险情绪的交织构成了市场的核心矛盾。
回归本质来看，3月全球市场的风险偏好摇摆源于双重底层因素。在余经纬看来：一是伊朗局势的不确定性仍在蔓延，既直接推动避险情绪扩散，又通过推高油价加剧美国滞胀风险，双重冲击下全球权益市场环境趋于动荡；二是过去几年全球货币政策持续宽松催生了股市长期上涨，当前全球主要市场估值均处于2016年以来的较高分位数，高估值本身就蕴含高波动属性，而中东地区冲突的爆发则成为这种属性的“放大器”，进一步激化了市场的脆弱性。
视线转回国内，在外部环境复杂多变的背景下，A股呈现出“抗跌但波动加剧”的鲜明特征。截至3月13日，3月以来上证指数在全球股市调整中累计跌幅不足2%，显著低于欧美主要指数，既反映出投资者对2026年A股指数表现仍保持乐观预期，也凸显出市场情绪已从高位逐步趋于冷静，不再盲目亢奋。
对于这种冷静的核心原因，余经纬认为，在于权益资产偏高的估值客观上加大了赚钱难度，也预示着市场波动将进一步放大。历史经验显示，股市波动与估值水平高度相关，市场估值与短期收益无明显关联，但当估值从“高区间”切换至“极高区间”后，上涨动能会随之减弱，波动则同步加剧。这意味着，无论2026年市场整体走势如何，2025年的低波动环境都难以重现，市场赚钱效应或有所弱化。
此外，高波动的另一重要体现，是市场风格可能出现显著切换。余经纬表示，2025年二季度以来，在PPI负增长、经济周期底部徘徊与流动性充裕的环境下，科技和中小成长风格持续占优；而随着PPI回升、M1触顶，市场底层环境正发生深刻变化，预计二、三季度之交可能迎来从“中小成长占优”向“大盘价值占优”的风格切换，这一切换将贯穿全年高波动周期。
对于外部风险的影响，余经纬提示，需明确区分“避险交易”与“滞胀交易”的差异：参考俄乌冲突、阿富汗战争等历史经验，战争引发的避险交易对A股冲击时间短、幅度有限，3月首周的市场表现已印证这一点；但从长期影响来看，滞胀交易的干扰更为持久——当前伊朗局势尚未缓和，霍尔木兹海峡航运恢复可能需要数周甚至数月时间，油价难以短期快速回落，滞胀交易恐将持续扰动股市行情，宽幅震荡或成为3月A股关键特征。
大类资产：政策与供需主导的分化格局
放眼大类资产版图，不同品类的演绎逻辑呈现显著分化，政策导向与供需格局成为核心驱动因素，各类资产的定价逻辑已形成清晰的差异化路径。
具体来看，债市的演绎逻辑尤为清晰。余经纬表示，历史上债券熊市的触发因素主要包括经济周期触底反弹、风险偏好明显回升或央行收紧流动性。尽管2025年以来的宏观环境对债券利率并不友好，但债市已充分定价相关利空因素，在央行不大幅收紧流动性的前提下，债市并无走熊风险。从政策节奏来看，今年政策靠前发力迹象明确，上半年政策高峰已至，为配合一揽子政策落地，3月-4月可能成为年内首个降息窗口；若降息未能在一、二季度之交落地，为对冲经济增速下行压力，三、四季度之交将是下一个关键窗口期。
货币政策堪称债市表现的“胜负手”，降息可能性决定了债市全年走熊风险有限，数量型工具的节奏则影响债市波动与持有体验。余经纬认为，当前股债“跷跷板”效应脱敏，债券利率走势更多取决于市场自身，而3月-4月作为博弈国内宽货币政策的重要窗口，利率表现值得期待。从市场定价来看，当前10年期国债收益率稳定在1.79%左右，略低于前期1.8%—1.9%的震荡区间，反映出市场对降息降准已有预期但尚未完全定价；3月10日首批300亿储蓄国债发售即告售罄，既凸显市场对低风险、稳健收益资产的迫切需求，也从侧面印证了债市的配置价值，而宽货币政策能否落地，将成为影响3月及上半年债市走势的核心变量。
“黄金资产定价逻辑已发生根本变化。”余经纬表示，全球流动性最快速扩张的阶段已正式结束，2022年—2024年主要央行持续宽松的格局发生改变，2025年年末以来货币政策分化态势愈发明确：日本央行重启降息，欧洲央行暂停降息并可能转向加息，美联储虽仍处于降息周期，但路径不确定性上升且降息空间收缩。这一背景下，黄金对流动性宽松的定价已较为极致，后续需警惕滞胀交易持续、美元上行带来的负面影响；同时其对避险情绪的定价也已充分，进一步上涨动力不足。
再看大宗商品，“再通胀”将是全年不可避免的核心话题，价格演绎路径存在多重可能性，但底层支撑逻辑明确。对于未来走势，余经纬认为，主要取决于两大不确定因素：一是3月以来，中东地区冲突的发展路径，尤其是霍尔木兹海峡被封锁的时间；二是美联储的降息路径。
不过从中期来看，铜的供需缺口有望对铜价形成坚实支撑；当前全球石油库存处于五年来最低水平，即便地缘风险缓解，能源出口恢复也将呈现“缓慢爬坡”特征，这将持续为商品市场提供再通胀交易的土壤。"
中信证券,研报观点,,cnstock,中信证券余经纬：避险滞胀双扰动 高波动迎风格切换,中国证券报,2026-03-14,https://www.cs.com.cn/qs/2026/03/14/detail_202603146541211.html,3月，中东地区冲突并引发霍尔木兹海峡航运受阻，成为全球市场核心催化因素，避险情绪与滞胀预期形成双重冲击，进而主导全球资产定价体系。 　　日前，中信证券大类资产首席分析师余经纬在接受中国证券报记者专访时表示，原油价格暴涨、全球股市震荡、传统避险资产反常走弱，凸显滞胀交易的核心地位。国内A股呈现抗跌但波动加剧的特征,"3月，中东地区冲突并引发霍尔木兹海峡航运受阻，成为全球市场核心催化因素，避险情绪与滞胀预期形成双重冲击，进而主导全球资产定价体系。
日前，中信证券大类资产首席分析师余经纬在接受中国证券报记者专访时表示，原油价格暴涨、全球股市震荡、传统避险资产反常走弱，凸显滞胀交易的核心地位。国内A股呈现抗跌但波动加剧的特征，高估值下市场风格有望切换，外部滞胀扰动较短期避险冲击更具持续性。大类资产走势显著分化，债市聚焦国内降息政策窗口，黄金定价逻辑重构，大宗商品则受地缘局势与美联储政策路径左右，政策与供需格局成为驱动资产表现的关键。
三月伊始，中东地区冲突的爆发成为关键催化因素，全球市场迅速确立“避险+通胀”的核心交易主线。冲突直接引发资产价格剧烈波动：全球股市普遍下跌、能源价格飙升、美元走强、海外债市走熊，布伦特原油价格单周涨幅超28%，从3月2日的78.07美元/桶攀升至3月12日的101.75美元/桶，直观反映出地缘风险对市场的即时冲击。
从市场表现来看，一个异常现象值得关注。余经纬表示，传统“避险资产”黄金同步下跌，日元、瑞郎等避险货币亦趋于贬值，均未展现应有避险属性；反观2025年以来屡遭信用质疑的美元，却在这一过程中持续走强。深究背后逻辑，一方面源于前期黄金快速上涨后市场看多观点出现分歧，另一方面更核心的是，油价暴涨强化了全球通胀风险预期，进而削减了市场对美元流动性宽松的憧憬，这种“避险资产失效”的反常表现，恰恰凸显了滞胀预期的主导作用。
进一步追溯波动的核心催化，余经纬认为，霍尔木兹海峡航运受阻成为关键变量。作为全球近17%石油供应的必经通道，该海峡航运中断已导致1.8亿桶石油供应停滞，途经船舶数量从2月28日的91艘锐减至3月8日的4艘。地缘风险的持续发酵进一步放大了市场波动，但韩国股市“先暴跌后暴涨”的走势也表明，当前市场风险偏好虽有所下降，却尚未进入极度悲观的“全然避险”状态，滞胀预期与避险情绪的交织构成了市场的核心矛盾。
回归本质来看，3月全球市场的风险偏好摇摆源于双重底层因素。在余经纬看来：一是伊朗局势的不确定性仍在蔓延，既直接推动避险情绪扩散，又通过推高油价加剧美国滞胀风险，双重冲击下全球权益市场环境趋于动荡；二是过去几年全球货币政策持续宽松催生了股市长期上涨，当前全球主要市场估值均处于2016年以来的较高分位数，高估值本身就蕴含高波动属性，而中东地区冲突的爆发则成为这种属性的“放大器”，进一步激化了市场的脆弱性。
视线转回国内，在外部环境复杂多变的背景下，A股呈现出“抗跌但波动加剧”的鲜明特征。截至3月13日，3月以来上证指数在全球股市调整中累计跌幅不足2%，显著低于欧美主要指数，既反映出投资者对2026年A股指数表现仍保持乐观预期，也凸显出市场情绪已从高位逐步趋于冷静，不再盲目亢奋。
对于这种冷静的核心原因，余经纬认为，在于权益资产偏高的估值客观上加大了赚钱难度，也预示着市场波动将进一步放大。历史经验显示，股市波动与估值水平高度相关，市场估值与短期收益无明显关联，但当估值从“高区间”切换至“极高区间”后，上涨动能会随之减弱，波动则同步加剧。这意味着，无论2026年市场整体走势如何，2025年的低波动环境都难以重现，市场赚钱效应或有所弱化。
此外，高波动的另一重要体现，是市场风格可能出现显著切换。余经纬表示，2025年二季度以来，在PPI负增长、经济周期底部徘徊与流动性充裕的环境下，科技和中小成长风格持续占优；而随着PPI回升、M1触顶，市场底层环境正发生深刻变化，预计二、三季度之交可能迎来从“中小成长占优”向“大盘价值占优”的风格切换，这一切换将贯穿全年高波动周期。
对于外部风险的影响，余经纬提示，需明确区分“避险交易”与“滞胀交易”的差异：参考俄乌冲突、阿富汗战争等历史经验，战争引发的避险交易对A股冲击时间短、幅度有限，3月首周的市场表现已印证这一点；但从长期影响来看，滞胀交易的干扰更为持久——当前伊朗局势尚未缓和，霍尔木兹海峡航运恢复可能需要数周甚至数月时间，油价难以短期快速回落，滞胀交易恐将持续扰动股市行情，宽幅震荡或成为3月A股关键特征。
大类资产：政策与供需主导的分化格局
放眼大类资产版图，不同品类的演绎逻辑呈现显著分化，政策导向与供需格局成为核心驱动因素，各类资产的定价逻辑已形成清晰的差异化路径。
具体来看，债市的演绎逻辑尤为清晰。余经纬表示，历史上债券熊市的触发因素主要包括经济周期触底反弹、风险偏好明显回升或央行收紧流动性。尽管2025年以来的宏观环境对债券利率并不友好，但债市已充分定价相关利空因素，在央行不大幅收紧流动性的前提下，债市并无走熊风险。从政策节奏来看，今年政策靠前发力迹象明确，上半年政策高峰已至，为配合一揽子政策落地，3月-4月可能成为年内首个降息窗口；若降息未能在一、二季度之交落地，为对冲经济增速下行压力，三、四季度之交将是下一个关键窗口期。
货币政策堪称债市表现的“胜负手”，降息可能性决定了债市全年走熊风险有限，数量型工具的节奏则影响债市波动与持有体验。余经纬认为，当前股债“跷跷板”效应脱敏，债券利率走势更多取决于市场自身，而3月-4月作为博弈国内宽货币政策的重要窗口，利率表现值得期待。从市场定价来看，当前10年期国债收益率稳定在1.79%左右，略低于前期1.8%—1.9%的震荡区间，反映出市场对降息降准已有预期但尚未完全定价；3月10日首批300亿储蓄国债发售即告售罄，既凸显市场对低风险、稳健收益资产的迫切需求，也从侧面印证了债市的配置价值，而宽货币政策能否落地，将成为影响3月及上半年债市走势的核心变量。
“黄金资产定价逻辑已发生根本变化。”余经纬表示，全球流动性最快速扩张的阶段已正式结束，2022年—2024年主要央行持续宽松的格局发生改变，2025年年末以来货币政策分化态势愈发明确：日本央行重启降息，欧洲央行暂停降息并可能转向加息，美联储虽仍处于降息周期，但路径不确定性上升且降息空间收缩。这一背景下，黄金对流动性宽松的定价已较为极致，后续需警惕滞胀交易持续、美元上行带来的负面影响；同时其对避险情绪的定价也已充分，进一步上涨动力不足。
再看大宗商品，“再通胀”将是全年不可避免的核心话题，价格演绎路径存在多重可能性，但底层支撑逻辑明确。对于未来走势，余经纬认为，主要取决于两大不确定因素：一是3月以来，中东地区冲突的发展路径，尤其是霍尔木兹海峡被封锁的时间；二是美联储的降息路径。
不过从中期来看，铜的供需缺口有望对铜价形成坚实支撑；当前全球石油库存处于五年来最低水平，即便地缘风险缓解，能源出口恢复也将呈现“缓慢爬坡”特征，这将持续为商品市场提供再通胀交易的土壤。"
中信证券,研报观点,,cnstock,中信证券吴威辰：产业趋势与基本面双轮驱动 固态电池板块步入价值兑现期,中国证券报,2026-02-06,https://www.cs.com.cn/qs/2026/02/06/detail_202602066537087.html,固态电池板块经历开年以来的上行行情后，近期进入震荡调整阶段，备受市场关注。 　　日前，中信证券电池与能源管理首席分析师吴威辰在接受中国证券报记者专访时表示，固态电池板块走强并非单纯的主题炒作，而是由产业链相关公司基本面改善与产业发展提速这两重因素形成的坚实支撑，具备较强的合理性与可持续性。受益于锂电产业链价格,"固态电池板块经历开年以来的上行行情后，近期进入震荡调整阶段，备受市场关注。
日前，中信证券电池与能源管理首席分析师吴威辰在接受中国证券报记者专访时表示，固态电池板块走强并非单纯的主题炒作，而是由产业链相关公司基本面改善与产业发展提速这两重因素形成的坚实支撑，具备较强的合理性与可持续性。受益于锂电产业链价格、订单与盈利全面反转，叠加固态电池国标征求意见、多家企业装车测试成功等多重催化，行业正从概念期迈向产业化兑现周期，设备、材料、电池等环节将依次受益于产业发展，板块中长期结构性投资价值凸显。
板块并非单纯的主题炒作
今年以来，同花顺固态电池指数震荡上行，截至1月23日，区间涨幅达12.15%；此后指数开始震荡调整，截至2月5日，区间涨幅回落至5.52%。
吴威辰认为，板块的强势表现并非单纯的主题炒作，而是建立在业绩基本面改善与产业发展提速的双重坚实支撑之上，这一强势具备较强的合理性与可持续性。
“从业绩支撑来看，固态电池板块相关公司多数扎根锂电产业链，而该产业链在2025年已实现价格、订单与盈利的全面反转。”吴威辰表示，该产业链已有多家公司发布2025年业绩预告，普遍大幅预增，且凭借行业景气度的延续与订单的持续落地，2026年有望继续维持高增长水平。业绩的持续改善为板块估值提供了坚实基础，摆脱了单纯依赖概念炒作的逻辑，形成“业绩+估值”的双重驱动。
从产业端进展来看，固态电池行业正迎来多重关键突破，成为板块上涨的重要催化剂。2025年12月30日，固态电池国标的征求意见稿正式发布，吴威辰认为，这一里程碑事件意味着我国在固态电池行业标准制定中抢占了先机，有望进一步掌握全球行业话语权，为国内企业的产业化推进铺平道路。
在装车测试方面，国轩高科于2025年5月完成金石全固态电池装车测试，一汽红旗也在2026年1月4日宣布其固态电池装车测试成功。吴威辰认为，固态电池完成装车测试，标志着国内固态电池从实验室走向实际应用迈出了关键一步。此外，2026年2月7日至8日，CASIP大会的召开将成为行业重要事件，宁德时代、比亚迪、一汽、吉利、奇瑞、国轩高科等头部企业将出席并发表主题演讲，预计将进一步凝聚市场共识，为板块带来持续催化。
产业进入兑现周期
固态电池板块的投资价值，核心在于技术瓶颈的逐步突破与规模化降本的明确预期，产业发展逻辑正从概念期向兑现期过渡，具备长期投资价值。
材料端的技术迭代与降本是固态电池产业化的核心基础。据吴威辰介绍，当前固态电池的核心挑战之一在于材料体系的成熟度，高能量密度的正负极材料如富锂锰基正极材料等尚未实现大规模量产应用，而硫化物固态电解质及其核心原材料硫化锂的制备工艺也尚未完全收敛，规模化量产能力不足。但这一局面正逐步改善，根据SMM公开数据，2025年硫化锂价格维持在200万元-400万元/吨，预计2026年将降至150万元/吨以内；硫化物电解质2025年价格高达1000万元/吨以上，2026年有望降至500万元/吨。价格的快速下降将显著降低固态电池的生产成本，规模化降本效应逐步凸显，为产业化落地扫清关键障碍。
工艺与设备端的创新突破为固态电池量产提供了技术保障。为解决硫化物电解质稳定性不足、固固界面接触不佳等核心问题，全固态电池采用了等静压、干法电极等全新工艺，这也是其与液态电池在生产环节的核心差异。
“目前，这些新工艺与专用设备正逐步从试验线过渡至中试线，技术成熟度持续提升，为后续大规模量产奠定了基础。”吴威辰说。
吴威辰表示，极端场景的应用需求正在加速技术迭代，极端场景需求将倒逼硫化物电解质材料以及干法电极、等静压等专用工艺设备的技术升级与产业化进程，进一步强化产业发展逻辑。
长期来看，全固态电池产业化的终极门槛在于固-固界面控制问题。具体来看，吴威辰表示，一方面，充放电过程中的体积变化可能影响电池性能与循环寿命；另一方面，过大的加压装置会影响电池体积与能量密度，稀释其核心优势。这一矛盾的解决需要电池端与车端的协同发力，电芯生产环节通过等静压、高压化成分容等后道加压工艺提升固-固界面结合力；电芯内部通过材料改性或添加剂改善界面接触特性，降低加压需求与成本；车端则通过车载电池包加压装置，确保电芯工作过程中的体积稳定性。随着这一核心问题的逐步突破，固态电池产业化将进入加速通道。
梯度化投资机遇显现
在固态电池产业化持续加速的背景下，板块投资机遇逐步显现，设备、材料、电池等环节将依次受益于产业发展，且不同阶段的投资重点各有侧重，形成梯度化的投资机会。
“设备环节将率先受益于产业需求爆发，成为投资的核心主线。产业发展规律显示，新产业落地初期往往呈现设备先行的特征，新的产业需求首先反映在试验线、中试线的设备采购上。”吴威辰认为，全固态电池的生产工艺与液态电池差异显著，对等静压、干法电极等专用设备需求迫切，且单GWh设备投资额高达2.5亿元，显著高于传统锂电设备。随着电池行业扩产进入上行周期，设备公司主业自2025年四季度起已逐步兑现业绩，而固态电池专用设备的业绩贡献将从2026年起开始显现，其中干法电极、等静压等特有环节因技术壁垒高、需求确定性强，有望成为最具弹性的投资方向。
“材料与电池环节的业绩兑现将集中在2027年，长期成长空间可观。”吴威辰表示。
根据行业预测，固态电池出货量在2027年有望达到27GWh，随着规模化量产的实现，材料与电池企业的业绩将进入释放期。从2026年的产业趋势来看，半固态电池将率先在消费、动力、储能等领域放量，vivo手机等消费电子产品，蔚来汽车、上汽名爵等车企产品以及部分储能电站已实现量产应用或发布相关规划。随着更多下游车型、消费电子设备和储能电站的落地，半固态电池出货量有望迎来爆发式增长。
全固态电池方面，随着电池装车逐步推进，2026年将迎来密集的上车路试。吴威辰建议，重点关注电芯材料端对固-固界面浸润性的改善、电芯制造端的高压设备以及车端的PACK制造和车载加压装置等核心环节的投资机会。
投资策略方面，吴威辰表示，固态电池产业化持续加速，当前板块合计市值已突破万亿元，板块指数2025年以来显著跑赢沪深300指数，行业景气度持续提升。展望2026年，半固态电池放量在即，全固态电池开启装车验证，行业正从技术突破期向产业化初期过渡，建议把握板块内电池、材料、设备环节的结构性投资机会。"
中信证券,研报观点,,cnstock,中信证券：建议重点关注机器人产业中价值最厚、格局最清、确定性最高的环节,中证金牛座,2026-01-30,https://jnzstatic.cs.com.cn/zzb/htmlInfo/115037.html,,1月30日，中信证券研报表示，目前人形机器人处于技术验证期，但商业化落地时间相比于新能源汽车将缩短。 建议重点关注机器人产业中价值最厚、格局最清、确定性最高的环节，其业绩弹性最大 。同时龙头企业在产业趋势投资阶段的位置最为核心，建议积极寻找机器人细分环节中非标、技术、成本、扩产壁垒高的龙头企业，这类企业能够穿越产业周期。整体上，机器人公司本身（软硬一体的平台型企业）、高算力SOC芯片（大脑端侧驱动）、灵巧手（软硬件一体的小机器人）、执行器、精密传感器（软硬件一体）等环节属于人形机器人产业的高价值、高壁垒环节，值得关注。
中信证券,研报观点,,cnstock,平安银行、中信证券、东方证券位列前三！2025年记账式国债现货交易量排名出炉,中证金牛座,2026-01-28,https://jnzstatic.cs.com.cn/zzb/htmlInfo/114858.html,,"财政部1月28日消息，近日，财政部公布2025年记账式国债现货交易量排名。2025年记账式国债承销团国债现货交易量排名显示，平安银行、中信证券、东方证券位列前三。
分类来看，2025年记账式国债承销团银行类成员中，平安银行、上海浦东发展银行、交通银行排名前三。非银行类成员中，中信证券、东方证券、华泰证券位列前三。银行柜台交易量方面，中国农业银行、上海浦东发展银行、中国银行排名前三。"
中信证券,研报观点,,cnstock,中信证券：春节白酒实际动销有望维持平稳 看好行业底部配置机会,中国证券网,2026-01-23,https://jnzstatic.cs.com.cn/zzb/htmlInfo/114391.html,,中信证券研报称，白酒行业即将迎来春节旺季营销活动，渠道在经销商大会后持续学习吸收龙头企业进行的渠道、产品等多维度改革经验。行业或在新改革和新方向下重新聚焦市场培育和消费者教育，促进开瓶动销并为经销商减负。综合考虑到动销已逐步平稳、2026年春节假期多一天、白酒春节消费场景等诸多因素，判断2026年春节白酒实际动销有望维持平稳，无须过度悲观。再考虑到后续逐步复苏趋势明确，看好白酒行业底部配置机会。预计2026年啤酒行业将在底部位置温和复苏，建议关注渠道控制力强、具备品牌溢价能力的行业龙头。
中信证券,研报观点,,cnstock,中信证券：建议当前围绕先进封装和存储封装环节布局,中证金牛座,2026-01-23,https://jnzstatic.cs.com.cn/zzb/htmlInfo/114388.html,,中信证券研报表示，在原材料价格上涨、AI和存储等需求增加的背景下，当前有望步入新一轮封装涨价的起点。在国产算力需求牵引下，先进封装的市场关注度有望提升。建议当前核心围绕先进封装和存储封装环节进行布局。
中信证券,投资并购动态,投资,cnstock,中信证券贾祎樊：看好服务器电源、超级电容等方向投资机会,中国证券报·中证网,2026-01-22,https://www.cs.com.cn/sylm/jsbd/2026/01/22/detail_202601226534669.html,中证报中证网讯（记者 张韵）1月22日晚，中信证券电新组分析师贾祎樊在中国证券报“中证点金汇”直播间表示，AI浪潮或扩大电力缺口，IDC（互联网数据中心）电力系统有望迎来变革。看好服务器电源国产品牌份额提升，以及产能短缺与方案迭代下国内超级电容、SST（固态变压器）等新产品出海带来的投资机会。 他表示,"中证报中证网讯（记者 张韵）1月22日晚，中信证券电新组分析师贾祎樊在中国证券报“中证点金汇”直播间表示，AI浪潮或扩大电力缺口，IDC（互联网数据中心）电力系统有望迎来变革。看好服务器电源国产品牌份额提升，以及产能短缺与方案迭代下国内超级电容、SST（固态变压器）等新产品出海带来的投资机会。
他表示，AI用电进一步带动以北美为主的电力设备需求陡峭增长，供电侧上网电价提升带来SMR（小型核电站）投资机遇；输配电UPS（不间断电源）向全直流系统演变，输出电压等级不断提升；服务器电源功率密度提升下产品量价齐升，或催生超级电容需求。"
中信证券,投资并购动态,投资,cnstock,中信证券贾祎樊：看好服务器电源、超级电容等方向投资机会,中国证券报·中证网,2026-01-22,https://webtestone.cs.com.cn/sylm/jsbd/202601/t20260122_6534669.html,https://webtestone.cs.com.cn/sylm/jsbd/202601/t20260122_6534669.html,"中证报中证网讯（记者 张韵）1月22日晚，中信证券电新组分析师贾祎樊在中国证券报“中证点金汇”直播间表示，AI浪潮或扩大电力缺口，IDC（互联网数据中心）电力系统有望迎来变革。看好服务器电源国产品牌份额提升，以及产能短缺与方案迭代下国内超级电容、SST（固态变压器）等新产品出海带来的投资机会。
他表示，AI用电进一步带动以北美为主的电力设备需求陡峭增长，供电侧上网电价提升带来SMR（小型核电站）投资机遇；输配电UPS（不间断电源）向全直流系统演变，输出电压等级不断提升；服务器电源功率密度提升下产品量价齐升，或催生超级电容需求。"
中信证券,研报观点,,cnstock,中信证券：氢能从交通示范走向工业主战场信号明确,中证金牛座,2026-01-21,https://jnzstatic.cs.com.cn/zzb/htmlInfo/114192.html,,工信部等五部门近期发布《关于开展零碳工厂建设工作的指导意见》，提出分阶段目标，并明确提出积极发展绿色氢氨醇等一体化项目，推进工业副产氢、可再生能源制氢等清洁低碳氢应用。中信证券研报表示，氢能从交通示范走向工业主战场的政策信号已经明确，叠加“十五五”期间工业减碳重心将从能源结构调整转向用能结构转型与工艺流程再造并重，绿氢及氢基绿色燃料作为破解“非电能源降碳”难题的最优解，有望在钢铁、有色、化工、建材等难减排行业实现规模化应用，政策倾斜与市场需求共振将推动产业进入加速发展期。
中信证券,研报观点,,cnstock,中信证券：AI应用仍具备较大成长空间,中证金牛座,2026-01-20,https://jnzstatic.cs.com.cn/zzb/htmlInfo/114019.html,,中信证券研报表示，AI应用板块成为2026年开年主线，后续AI应用催化仍多，AI应用加速落地趋势有望延续。在硬件侧，AI正在逐步渗透日常生活，硬件入口形态日趋多元，涵盖汽车、机器人、眼镜、智能家居等大型终端，以及智能眼镜、戒指、耳机等可穿戴设备和智能玩具细分品类。在软件侧，模型推理能力升级带来企业级AgenticAI加速落地。Rubin等下一代硬件平台带动token和推理成本大幅下降，有望进一步加速应用落地。整体来看，中国在应用落地节奏与用户规模方面具备优势，AI应用仍具备较大成长空间。
中信证券,研报观点,,cnstock,中信证券：银行股性价比大幅提升，给稳定回报型资金带来配置机会,中证金牛座,2026-01-19,https://jnzstatic.cs.com.cn/zzb/htmlInfo/113929.html,,中信证券研报称，开年以来银行股资金流出显著，上周A股和H股银行表现差异也隐含A股银行板块受资金流出和风格影响较大。当前银行股性价比大幅提升，给稳定回报型资金带来配置机会。2026年银行投资价值来源于：银行系统性风险再评估带来的净资产重估；人民币大类资产配置框架下，银行权益的稳定回报特征，带来核心权益资产价值重估。
中信证券,研报观点,投资,cnstock,中信证券裘翔：多因素驱动 春节前A股结构性机会凸显,中国证券报,2026-01-17,https://www.cs.com.cn/qs/2026/01/17/detail_202601176533647.html,今年以来，A股市场在政策支持、经济企稳与流动性改善的三重支撑下，呈现震荡上行态势。随着春节临近，市场投资逻辑与布局方向愈发成为投资者关注的焦点。 　　日前，中信证券首席A股策略师裘翔在接受中国证券报记者专访时表示，当前长期资金持续入市正重塑市场结构，在春节前的特殊时间窗口下，投资逻辑将围绕情绪修复与资金再配置展开,"今年以来，A股市场在政策支持、经济企稳与流动性改善的三重支撑下，呈现震荡上行态势。随着春节临近，市场投资逻辑与布局方向愈发成为投资者关注的焦点。
日前，中信证券首席A股策略师裘翔在接受中国证券报记者专访时表示，当前长期资金持续入市正重塑市场结构，在春节前的特殊时间窗口下，投资逻辑将围绕情绪修复与资金再配置展开，各类板块有望迎来差异化的结构性机会。结合宏观数据与资金动向来看，节前A股市场的运行脉络与投资布局方向清晰可辨。从当前市场表现来看，情绪修复迹象显著，在震荡分化的主基调下，把握共识方向、布局反共识领域以及配置长期低波品种，成为开年投资的核心思路。
三重支撑提供安全垫 长钱入市重塑市场生态
2026年以来，A股市场交投活跃，截至1月16日，上证指数累计上涨3.35%，深证成指累计上涨5.59%，创业板指累计上涨4.93%。
裘翔认为，当前A股震荡上行的核心支撑源于政策、经济、流动性三大因素的协同发力，且各因素均具备扎实的数据支撑，为市场提供了坚实的“安全垫”。
政策层面，监管层明确引导A股形成“缓步上涨”格局，中长期资金入市机制持续完善，从制度层面提升了市场内在稳定性。值得关注的是，生育补贴等“投资于人”的政策落地，标志着扩内需政策进入实质性推进阶段。裘翔认为，随着相关政策逐步加码并生效，与内需相关上市公司的ROE有望逐步企稳回升，成为推动市场后续上涨的主要因素。
经济企稳的信号更为明确。数据显示，2025年三季度全A营业收入累计同比增速由2025年上半年的-0.02%回升至1.2%，净利润累计同比增速从2025年上半年的2.5%提升至5.3%，盈利端呈现逐季改善态势。对于2026年宏观经济，裘翔预测将保持平稳运行，归母净利润同比增速呈现前低后高的走势，各季度增速分别为2.0%、7.8%、3.5%、6.7%，全年增速预计为4.8%，二季度有望成为盈利高点。
“以险资为代表的长期资金成为市场主要增量资金来源，流动性改善为市场注入持续动能。”裘翔表示，2025年险资保费收入达5.76万亿元，按30%入市口径粗略估算，潜在入市资金规模约为1.73万亿元。这类追求稳健回报的长钱持续入市，不仅为市场提供了充足的流动性支持，也降低了A股的波动率。从资金流向看，在低风险理财收益率下行的背景下，部分低风偏资金通过保险等产品间接入市，其对回撤控制的诉求推动机构产品策略从单一追求收益弹性转向多策略运行，进一步增强了市场的内生稳定性。
从市场结构层面看，结构性机会特征显著。Wind数据显示，在360个行业或主题ETF中，39个在2025年12月创下年内新高，主要集中于通信、有色、军工（航空航天）等板块。裘翔认为，这些板块的共同特征是契合中美在下一代跨国界基础设施建设领域的竞争主线，成为市场共识度最高的方向。
情绪修复主导行情 震荡市下投资者预期改善成核心特征
20个交易日后，将迎来2026年春节，市场进入特殊时间窗口。裘翔认为当前核心逻辑已切换至情绪修复与资金再配置，需以震荡市思维把握投资者预期改善带来的机会。
“情绪修复的基础是2025年末触及的阶段性低点，在情绪回落至底部后，今年开年投资者预期改善可能超越恐高与谨慎情绪，这也是春节前市场最核心的特征。”裘翔说。
据裘翔团队构建的A股情绪指标显示，截至2025年12月31日，情绪指标MA10读数为57.5，处于2024年“924”行情以来24.3%的较低分位数；活跃私募仓位截至2025年12月26日为80.0%，已连续5周维持在80%以下（含80%）。
今年开年行情进一步印证了情绪升温。1月9日，裘翔团队构建的投资者情绪指数当日读数为98.1（80-100为亢奋区），创2025年以来新高，10日移动平均接近亢奋区边界。单周赚钱效应为2025年来最大，累计规模已超去年9月前高。龙虎榜数据显示，游资交易异常活跃，游资席位净买入额MA10位于2023年以来98.9%分位数，成交额占比MA10处于87.4%分位数。
但资金结构的分化或导致市场呈现震荡格局。裘翔认为，此轮开年行情源于跨年踏空资金集中入场，去年最后三周样本私募仓位仅78.0%、80.0%、78.9%，年末沪指9连阳时仍小幅降仓，开年上涨引发踏空资金追涨。但开年行情主要集中于主题板块与小盘股，1月首周中证500、国证2000分别上涨7.9%、7.2%，远高于沪深300指数同期2.8%的涨幅；商业航天、脑机接口指数涨幅超19%，而机构重仓的万得金仓100指数仅涨2.3%。
“当前既无推动估值大幅提升的配置型增量资金，也缺乏引发深度调整的系统性风险，震荡整理、结构分化是主基调。”裘翔表示，这决定了春节前板块轮动将加快，持仓结构出清、卖压减弱的品种均可能成为上涨方向。
值得注意的是，春节前市场的投资逻辑是政策、业绩与节日效应的结合体。裘翔认为，配置型资金“抬估值”动力不足，业绩仍是核心锚点，但情绪修复可能带来节日消费相关板块的短期机会，需区分短期波动与长期价值。从资金节奏看，春节后两周即临近全国两会，踏空资金更倾向等待基本面线索明朗，3月下旬至4月才是配置型资金调仓的关键窗口。
三维度布局结构性机会 把握“大钱”流向与降波需求
结合春节前市场投资逻辑与全年资金诉求，裘翔建议，可从共识方向、反共识方向、长期投资三个维度布局，同时关注人民币升值机遇，兼顾收益与波动控制。
在共识方向上，机构资金的核心思路是“调整后再上车”，聚焦前期共识性品种的回调机会。具体来看，裘翔表示，有色、海外算力、半导体自主可控等板块经过前期调整，释放持仓压力，产业逻辑扎实，成为机构重点关注对象。开年数据显示，1月5日-8日，10只有色主题ETF合计净流入超76亿元，华夏中证半导体材料设备主题ETF在此期间涨幅超10%。商业航天、机器人等偏游资风格品种则受益于交投活跃，1月9日，商业航天板块成交额达7291亿元，占全A成交额的23.1%，超越锂电池、低空经济板块此前峰值，有望凭借题材催化反复活跃。
在反共识方向上，配置型增量资金开始左侧布局内需相关板块，以捕捉超预期政策变化。裘翔建议，投资者可小仓位增配免税、航空等出行服务行业，这些行业景气度一般但估值弹性大，若扩内需政策加码则有望迎来估值修复。优质地产开发商、恒生科技指数成分股也是重要选择，开年恒生科技ETF合计净流入超56亿元，配置型资金对港股配置比例未系统性下降，具备安全边际。
“市场普遍预期政策难有较大变化，但外部贸易环境复杂，内需关键性凸显。政策可能随形势调整，不能线性外推。”裘翔提醒道。
在长期维度上，站在全年视角，配置型资金对降低波动率的诉求显著上升。裘翔认为，长久期利率债下跌，转债与信用债估值处于高位，偏债型资金增配权益时需兼顾低波动与低回撤，红利资产的类债属性失效后，需寻找替代方向：一是ROE有抬升空间的板块，如化工、电力设备、新能源，其资本开支强度处于历史10%分位数以内，供给收缩叠加ROE边际改善，具备赔率优势；二是低持仓、低拥挤度的反共识品种，如消费、地产链，波动低且回撤有限，适合用于权益仓位的补充配置。
人民币升值趋势带来的投资机遇同样值得重视。裘翔表示，近期造纸、航空等行业已受益于人民币升值而出现阶段性上涨，后续更应关注人民币升值带来的政策逻辑变化，券商、保险作为兼具弹性与安全性的品种，从这一视角看，是可攻可守的配置选择。
在风险防范方面，裘翔表示，当前市场主要体现为内外需分化，海外敞口品种业绩兑现能力强但估值提升难度大，内需敞口品种景气度一般，但估值弹性较大，需把握好两者的平衡。
站在开年时点，裘翔认为，投资者应聚焦结构性机会，以资源和传统制造领域定价权提升逻辑为打底，增配非银金融，兼顾反共识品种降波，在控制风险的前提下把握轮动红利。"
中信证券,研报观点,,cnstock,中信证券2025年业绩出炉,中证金牛座,2026-01-14,https://jnzstatic.cs.com.cn/zzb/htmlInfo/113621.html,,"1月14日晚间，中信证券发布2025年度业绩快报。2025年，公司营业收入为748.30亿元，同比增长28.75%；净利润达300.51亿元，同比增长38.46%。
中信证券表示，2025年公司积极融入经济社会发展全局，始终胸怀“国之大者”，主动服务国家重大战略，加快一流投资银行和投资机构建设，做深做实做精金融“五篇大文章”，经营业绩保持增长，各项业务稳健发展。
对于业绩增长的主要原因，中信证券表示，2025年国内资本市场整体呈上行态势，市场交投活跃度显著提升，投资者信心增强，A股主要指数均实现上涨。公司积极把握市场机遇，稳步做大客户市场规模，经纪、投资银行、自营业务等收入均实现较快增长。同时，公司坚定推进国际化布局，深化跨境服务能力，叠加香港市场的良好表现，公司境外收入实现较快增长。"
